memory_initialization_radix = 16;
memory_initialization_vector = 
BED8233015F53B141CC2A8BAB8CAEB2A42334737C9CB2FE95F67513B4CDEA3FA5E9F44A65AF6C339FD5E3BD321D9F09F2E13390F462AAAB04EF2BD210754D7B42502A42F5322F22558E5165929BADFDB3508F218B3CEF4481EB5AD5A5D4131633D503228B0F424376C0DDC0CD51BC2BD44A5D13C09F6D203EC9B42AEDDF55AF3,
5DC93D9D29CD44F92AE29CDE36C9C8975820BC5855EACB57FA0AF40D013ABA43035A4F065EDBBF04050FCCF1DE64321BE0C51AB161DF17A8EC690FBE3920A75396D51A66E32820A3E3F542B11CBF1351C53E29BBADA45AB261CD30C7D2C118BB9AA547F0104421ACE03F48E3B11C6228E6AFB5AD06D8F6573DCBE3C3B8FB5118,
A8A20FD62027B538E65F9D53CF4B35DD23FA9F4023E7350F44A6B452DF51D6BD0758A0B9E4AF5C3AD6E4012560D7405C4BFCFD4342B00600B31D4F1BC4AE20F9F21064342E03E62040D20CA0B1B514319EF3C3230FEA2100A6A3BAC267079E251D04B7BE331C0C7FE7B4201EA2DD00AA31F41C0E05D0E130D664CC01F663DDE1,
DDD543CFB9543A0AD2AE31DFCDAF4C58ABD662B3C00AA3B804222955FFB05B22DFDC9B39222B0FB62162A229C7CAB9AB48E9BD2DEBF3A7D1E6C22DEE60FAE2DC2DB9E7E4BB331EE84660ACD1DC3C0E1900A19D4529B8B70703539E9CFE085803D15F1BC45AAEE19551ACC16004E9A34F473B3208F956F33664291DB8C6225EAE,
9F20CB050DACB6CB59B0515EBBF5FBC75EF90AC14DF3100650E8E4180D40AE1E650FC43B5BB3071E23F256E4B8DD13B33666FD050B3CBCE641B71BF6FC0A255DDD6A0AA9B4F4004BFBF4CF56EF5B42BEC6F6DA0FAD0C2CA4C7B83F203516CAF11317E8D9F4BCA5AF399F21D4EA69A4F9FE2AA5A80BCF10CCD4D158D756A0FFE0,
625452C64348EF555935364A0FB0389E2350D3410306E8A7246D68ECEAD610A6195B5F0BEC4632CA08B2D312F30A9EAE26205AA9ACF7C5135729E53EAA3FB6FEA85EF3A5F89DF7572DAAA3285B0DD6D9E9DA451E0242ED1EF8FAF1C00422C4570DF711C4AB664AB5FBC5E1D5C7C64E4F444F6018052F141BACC1CC63D344B6B4,
CFC8E7EA3508C1FC5FB614403D564DDE3C574CACB4B95A0F38A548C94F5F023400A825B9EFA5303F671628A1AD9ED7A6D3ABE44F10E9CB4FF229EEF3E299F26DBF46DE0D4CD7F73BAD0351FE389DB1A0AFD3050B1EC24C4BD9BB1356281F051FBD4DCFD307D3465DABEBD11D17340816E806F3032CDCEB5FD32EFB1ADCDE4ACD,
E330CD38372BA0C21CDCF2EDBE4C3FBB20D2DFD8A92EB6AA1D4104FA01071EF90A56DD56F650519CC64314535D4BEA01C7B1E7000338DB46F65252C25CD9332B35ED3E6557CA1501F12710212D2D13044F25E2B6A4BEFD35081DC3C232C143E50F494C3A56A0B812DAC4D7C0ADC134DA4CBBB1E4CC46EC0631490B0667C73E52,
0354CC6852D761B8EBB1475961F413A41FCF4DB7B4E209B968E4F9DBA50516D632A22108CF2F2A241ED8D83B5357B2AE5126D1B8EE309FEF48B1DF54E003EA19AFB8C2EBABCBBE51230A33481CECEC02031CC724009A29AF4CA2D3E1B4AFDE18402DB36FFCAE09B2E4DCFAA7020B3DF502652455AAB730B79DA610E1C25C1DC4,
D1C5F53A4F44EB6057BD99D8A4BEBFE561A8BFEA9F0FE3660DEB1FAB07E2B9A6C32733BCFEFCE4A8181BCF10A84EB24C3A4EE8AE5260433BD9C8D24CA5AAFDF3A2320355F30F33E5FCAF33A1DDC23FD8C34933B7B4451C27496DA6DF0EA4D5F94E42DC3819B43DC3C51908CBDA48D8065C60B05BDF5B13135558BC336DFE0E3F,
B1D83AB31BD011C44ACC18FF5820D224663438D229D34CB01E262334B7AE01691F440F0514B46444575EA6A85310E61E0811B41422F86AD8FCEBC20A46F24E19D0314F41CA3431A7A629E3FD0D0DA9A7E4BF29D263DF033B5532650650E04156BCE129F440B9EC531404A32C1C1CB40C20B73B6915DB624FAFECF1FA17F9D2CE,
D10C61D7DFBE47E4B14A4E40CD29AF04303219CEE0F81B00611BC84E6010AFFFFFD62FF4692FCDC9276B0FB255B12E08BF3F1FB04DC915BE5234354DC2AE58DECC101932A21DD3B3D716232A165A2EA2F304BFA800A025100BAF5DA6BC33031597A044B3FC3548B5A4B8AA7626B428C2E151ABF9B3C2553BFEDD0D0AD23C11C4,
34F32A5F33CFDD53A3B9DFCE2BB6C4B3CD9F4AEB3B4AFCA6C2A5D7030843C4FAA8161AC6F7B09F60CEB25307C361CDF16331BEDCB3A3FC13F6FBB445CA5EEF2948A4B65747BDC32015AEEF09214A4906B21563BE449BB4BF20FFE34AEB1643A30C4D266FBD4761F0DE9F4A3D6151389922FF4403EAF71B523DD8AFD73DCBFC22,
67183C2E5DE222AF07493607F860AC0317FF27FB2FD35EA42A59B107495E1A4B6154AC1952A3A8C59FF4C83B3E2AE5B6F561CA3AC9E51D573FBEE6A6F41F010C00E2F7B823D22E372829DE4721ED51CAA0183125D9B0F5BFDB673DADAB280BB723E7F7C2E8D8C456530C1122ECD34F1DD5370B04EC4EF666C53BB0B7C3ABB3DC,
C845E45AB200BF050D3D5EFAE44E511E2A41115E27209F03653E0800A138584B43D7F4FBBF542333E44E27B3F7CCA9CCA1C0D2374CF0C0124448A4291DDA12CE3DF347B137EEDF56F26653CB2ABD0629DEDB1F36FAC5DD4BB31FFEF9AAA5ABBC981BED2BED440B14C9CF1836E42B0B2CFB65EC67ABEE52E0F0352DA21137C62A,
E0F706EEBFDC4F32BAE5A84639F92B0EE2BBAF491BB04ED0F79FCF0D9DE59DA91EF8EDF6F850F6435649E8AE66653F2E4EE65CC2A51118DBB515AC4526EABE643041DB0A39A75BAC1E54D3F5D84CEFB33FDBCA03B5D3D42A15A9CF58414D4AA4A11A1F39016842432C2BE7C2DEBB3739B9FB163112DAC60804FEF32E31B0E92C,
16160C470A296206BC2AC835B62C1537E1DBBAAFC0062B44AAD83E61279ED0A632BF1F0328124341EC49C6E055232FEA566301B0075E5FB558F009F61F41E157A641C2C9692AAA1A575BE432CACAC9250844C903DD2304ADB5221B0E17DB47A038BAE422FA1720E1CDD156FBE81335F81816AB5AE2CC1504CA60EED3FA0620D0,
B6BCEB14ABCDC8FA1F1F26C6F8B5B212A21EFBFEF25F44BB3B15D00B05555C32C0A9AEA6F0EB5460E2F2375A96AD410BC20F61F40E1B40E13EB0FCA4063CB8405EEA4B674A5C5DBBA4A3E7F8D61B9F9F5AD3CBE14C00494111AD1AB9DEB6EEC539BC4C4712C6BEFE6553E8E9E3052AB9330725AECC194FEB43E3C950DA1CD00F,
C9DAD651DEF5650BF3FFF8AA50D4A530E1403312DF680A392947E34B16CFD24120684E1B40335DD0E304BA2B440C3453C2F455D7A63939303DC4CE6005F42B4D30C1F8ADA4B20A5F61E028F5E90BB8D71252C26D29A565F9422DC6EE2415339EFEB955B2631AB32333FBF49F4F624A3542D8C93523C5114B19195155B79F0010,
09E55FF0FFA00E67A2572FF8CBF238D6213C39ADCB1FB62BCAAF4353A7A4B2CA0FAD1500C351F6D93829C7DF47D6CD66FE3FEECECDE4DF33D5E41D9DAAAB61C91CC7D0473A5D0F524C3B032838B90248B746C7F03E433CB8652268F2C20E44DAF9FBF90C2B69C753029DB91113150924B30B30A0423FD72CAF22ACDBE745EDBE,
BB5235E3C2E159ADF60D4F1166F3D32BCF29121F541608BFCAD94100C6DA353BB81E14AACFE6C360CDBD0BE409AB5FA1AA1ACFFEDBAFA1A3F42C59A148E3A038F94EF0BC300F43B5089FCC5CE662FC38473DB6E8B9BB09C16E28C13EA83A0A63F8DE42D5BB56204804C7B14525D9EB06AAC25AB4DFB7AFBF0140F1A2BEC7EFD6,
3FFD459CF034CBE7AA23F9C0AFDC3415AA54AA09B5CDBEDFA7EA08170EBDD156BEFE2CD8FEEC993E9DACF8F80B0920FB4B3DD44FD74E64446999AEB5D40747B21318A507D69854ADAB5FF3EC4633DBDD35E9BC68D9115F441DF70F45D8AF45F7BA5CF95215AFF50027B7E3F0BFCE0C42FAA4E2496312391023F2AE9F3BF92D55,
11A40CFADD60B4CFD53646270E145228D098F4BA181F2CECC5DE2065A1EDB2E928EA23FAF0CA4761D9E0D232294820C653F3DD010C4D611804A5484AD9284325AABBD1FC0517B70C2265C4633515220708FCCD6C5AD5EFA2135266DB120BC6595BB6EBD59F5932E63502CBACD325C7BD646203485D4C3C46EB46F3181A1564B1,
2D6CCAB8F34844211A233B68A9CE6DBC36BEFDC7BE51BA68219A66ABFBDFD7FDCFCE0B510C3C44ADA2D4172BC552A8F0380739E43955C660EE1BB3A521ACB53E11CE251FC8665AB665C85833B0B00C07CFC5B9CB663DAF1D13CFEB0FDAE13EEDE321D9FB53E70FDBFF3228CA015229ED56AFD03034390707CB2ADD65B0EDF624,
65DF27DAC84DA9E9E7010D2DB7FA1DFB2A6B046423C91922C33BD7D5A3B6DC0142EE1E35C117E50DF4D32B48F0C004E918D74DFC0908B2F4ECC4AF13B8DC30B0D636E8B7AAB499C79CD8B1C6C6CA0461410A9FA2CA17E82B724AAEACD1651B24CBEA266242DCAF625017445B40013EAEB04D0CA81BAA0E3A6735FB5E2D5E5AAC,
9C42AC95BDFAA3EEB23FC8653F14F004F5B3321609D805110B321F093E03A9A9C1FD452F03243ADA5000051658515A2B4A48D64E09DB451D5116F8F5196F526460B4A83FFCC811FED52D013AFB29D0DF533BAB6E9CD4BC561ACC2906545A0E63C80DBBA7FB0D242D36145A0BBB4842EC281C1033B1BF574ABAC93F1AA82B66DB,
A43A0B9A5EF0672B230C2055661A33AD16F40010A1D7570F346257E9C7AEA9F05B331FF0E335C6EC59ACD760FFB2252F5F4F3F353F3116DDD2A2C114C32B2DD82F4C59CDCF151F0BCD212CC24E61B0E25B04B8043DA5AF553EF7433F05DE51AA0DB3174B060AE6F2354236BDF347460A300F024FDBF9E35D5C0EBDED449F5DCB,
D3FC584A15BD65ED56FAAAB93D40C035D14612FF082937BD3A47DF2DF2DA05A849F2C1B4DC15771F3A5D40A8C1474D14BC03B82EE01EEDCDD95F0929444BF02C2E163304BBB0C5DDB3B30113C33D40663E6101A4E70ACDBE48136549243FA44F08DF091BE76053ACFBC629C8110703B224C3EF485E32EC1965DF129F9CC60EA2,
CAC2623E3A63C4CC30B6F71647062449C71CE212F94DB72F25DEB8225632DD12D506270A0F5EA721C32D6DF1B164B02BFEC441DE690EC50B46CCCD453E443AC4A8D8BB5D13402C38A8D7BD9E2DCA522531A1FA354EC8066A5103F0F0FE3E5FBE1009A7DE3B062D9CFED3312F05D6009FBA0E9FD618D04025C558FD15A3D76241,
36E860FFC534CA1D485951D5C8F516DFE137601FB1F04F5ACF03CC263EECBCFF121E4A40453EC1F9A6B1E3C0A7F51AFFC1C621614A34A84038DDF9E7A2070DFFC1E8DB245901CC61DB4D43E0041E075D4CE4CC3299E7BE1B1813EE6948F723B60F14F6D3E5F41E4FD02F3417F2A3EC1D480BBB4E385D15E2C3FD2842543457EA,
B0C866B154D864FE4E61A5C01BCAEBD60B0E44F9A9655712301033CEFAD44048B0D9AA1606BFFFDC17F00231AB54C5BD23D63810D9EF521F4FD7C5E5A313DA3120F45526CF4DDD00D64FDECE0E29362D6156AB5FD945CF270CFCC6A42FB0309D35FCE1CE10DBFFDF2733C53D2E33B06421E75D06E355C532BDB4A12841343615,
1B37F8E81BF85FE310DB0AC40DB45ECDB8ABB6CF415AE61702A04FC4AF1FB5CD6241BE0DA45AAB29A8F728A62DE8312FD7419C1E58023A5DD6AF1F43B6EF2238F4E8393E08E6460420421B37A8D610FAA819B7FE674D4151E6F124D30DD4F9BE9E52FB5111D2BE4CF3C739C6F75B2C19BF55D949302F42061BAA0FE59AEFDCE7,
0319A5236404F915F5E4C4DF68D70DB8BC1D4D650AD362AA4AB55801D04604F0C3ACD109FEB15D36B43D42CA1B4CCB33592A45AC4E225E5AC5BE342EEFC528DB0F23E6C5D362BDB8C5E4544AED2C09EC251C01E80052041156AA373DCFC8435C20BF25453FBE13BE349F502D1D29195BB26C2C5332C9F53C539CB506B0079F54,
4AF0C267C1DF4757DEC62D38BCAA62043F4DD8543B58F962C9EBC8DB5BFD521DAD1D5CBB28E554C3E60FEE11B801495C4FD93FD44B00D3E51ADDADAF412AD1285D5D47A5E3FE60A329072CBC2DD5535C43C344D6CF4A16DCCA1B3BB661C04514A0C8CA1F06DEB124B61D66FABEF5453830A0F3E125ADECF72BE3AD54489C1CA6,
4538FFA313C230012465F25DF72533A5DFB30C232C262CD956E5AE514726DF10493E2255ED0F9A2FDE5B225ABD2831E1ACD727F9B54333EBF4451842BEA0ACBFB4B8FF230B9E413D01D3692A0CC72DF462C60517B1A008FBFC44E822C4B3E9B156FD0EABE13C4659C0632CCA501D17B73CD7E0E1295FC3E81F53E3E4C0E8E654,
20485ED51D14C10B451A5DD0DEFB20DE3E290F3EF31264BCC7A8C11FA050433860B3D7E53E010E03DBBD0DD207FC45A5DC43EC354F303C54FA3B0F011622D1FCBECD00F1FA3B4656D9C2F7C62D07F75933EAD20017A5B7D12FB861A9D6543FD9FB2CE8F1E408FF1B6CC6295E27EDCFEA3D54D4FFBE03C4650217EE17A4310062,
FF46062F3E229DA5324511026420A84D25E7DDF4F4BC4EEDFCCC3F013C2ED108F705DF47F5A1AF18D0A1D5AA30A30FB548EFA6C13A2FF6AC04B1C439404AEDC5D23D3247E92FEF61FB45AC003CD10AE66B21145247490E2A2AF20940C82F191325AEEE33ECA525A7E615E136A22BAB41C73116C23D06094640F8CE214E039E24,
F73FEC1599B1A640BCD65FAB38059B625F2BFB1B03C7ED0CE11A373CEC4455FEFE4234E3DDF041AF9CDCDD30E615CA1C33AA00BEE6E4D962A4C5FB10B363CBE7B03CDA486103ACBAB44B0DECEE56FD3052AA9C20072F13CDD117C53A342A54EF1C44C3CBFEEA06AA22DAE7FE47BB0C40EAC8294DC5C70FB3AAB04DA623FEAA03,
A63A04B15A19DC56D557F13F441DD5DDF5B228EBAEA900A504EEE50237E03BB7556527103EBFC8E531B04F4E4711EBFFD765EF043FB4370BA16DF504E9D4A7D2036C043939A304E3C3A933BEEACE09C80851065EB64D39D3EF21F319E01EF00ED1FBF69E59C8F755220233F22851A52DE7C90BDC29BD5FA20B14F008F7D31DC7,
E8253BCA1327F1F72D271A01A80944A348E9D3425CF3273951394A3CDF46A7405714F1F4CB43A8C9F9CCEB5112BCC442DBBEE7B328B6F84C0722F809D0EBA93A2AA2E7A9BDA7B6E4B10D0F11B0E7D706100C3EFC3D04C746A1CDEF5827634B2A001EFC102A694AC32502E5F7E643093110EAC2ED0667DB2150CF35FB0E5CDAC2,
19562DCABA9F20A79C0DE21FEBB2D6A4E614FF44D73EBFCF1F5EFE40A94F2D38A745B849DDC51354F5FFFA3A2B29E5A8CDEAB7C0E54EDE33A5CFF6E2C144F061D5554102AD2436B64746BC55F5F453452B3C479F153AA305140DD8B51F5902EBDFAE6300E3D53EABE25BEE14F50449BAFBF92E38A0E4E96938E00F3B3C27D8F4,
9D0269162705D6271C0109C303C4BDAD63D524FA2D0C28EDEE16D912B748B0C6603F303F4DCDA1215F31ABACD151D7F736545B053153C94D231FBDE2FCDF2FD55749FA5D41F23159DB47A8CC32EFF8DA10CB09B911E5FC61DA271E102501B6ACAA4EFFF36266F34DE92DB81CB11528B4BD083557EFD125C0D519E10DCABAD301,
6662C9DE121864D3E223BD27CBFF25331EF451031A5A2CE8CFEEB01DC5574D47482F46D539EA2822B5B42B03EB5109664BBBC6311DE365482C40DD1AE6EA181F04BE275AC5AFC84BF5DCD7DFB0EC0DA0FB443154C9C651B69A18CEBEA2A4E8C208C0AFA062664CFEFA4D42D62513E4EF1CA8D338102B584BF002E4BF230510CF,
10352F2131EABFE1AAB45CF11B1026DB2D42E62D6E61BB27D7F2D5FCE2123B42C6F1CF24D12FF8590567AEA939615DA82CA2A77446036958C52DC23E24BBB4A90508D8A3C5C1FEDB0837180C2EB14A33D53208BE17FBFC3364AD5959B425E02D2A2D5E0AE9413EC0CEBD4230BBC7E3A6E621B5A85AB65346134EAF60205310AB,
BC58D7A2C1E2E4FB64C0486604AEE256C85F07141BB3421AF5CC205C231ACE56B4DD54CCA3184C2BC21B10C7F74AEAD15F29371F963A52225337C9CE5FAD4EF6ADE34AC104F24FDE08FC1B9F584348B33E0E1BD2095BAEF7C84AC122BB2B5233FF28AD3F2032145518B7CC3C0D3A1A13F15FD925C1FA005659C9B4F3D5554FF8,
C3FDA769B50CB6D3A04E1E231837BF482D3708A15D1BAFEC50B45313F33ABBA3505F54F8DBD9615A5B09B4E339DADDE04133E91843F15766B8ED9ED021E403FC0C37FDFAB25EAB1A23E2A63DFE2AFF122AEF0A0F184EE70853FD142AD9A99FBDFFF93208E9B502D0329FD16A56D60946F89A2462C35F40B642C9354658BB04AE,
C9F2B5B3B10E1AB21351B85D44DB5AD4CBBEECA4B2B121E7DB1349D608DD5F3D4E25340167B506EB36C0C42E06E8FCC21C4F272A5D11E3AD5B2D3CCBA136F9B8C1EDAB0D11F451C82EDD161E44A8401FC350F158C7E1F360D55F4CC54DA625F9E6CFED0024B01ECC06FA4228BFBC5049C19FCDE2600206275404CDF5C4543BF2,
0D08EAF126453842F05BEB663CE60BD23A15DF35B7B9F75333B99FFDFCB11E5FB22CE6FAD8FDA3050C6529662F0664E728BB1E2AA70113CDC1EB4B11FAD4EC01DF0455C122EA05E7B6C2F04B68E7A1FDEC133FB8C0F7064F5ED6441C60AEB745ED315D51B2D3CC4F081D209D47544EA2DAD155EDD51E54B09E1E1B25AD68D7DC,
ECB1CBB952EFCADD56FE5AE83CF3E8A7A453A51FD6BEC7F5183149259FFBB5C8DEC2CA0E5F4FFAF6FE5360B85708F7BB36B4AF3DE7DD642A4F33E05AEC0E3E05384C1A39584536A9EF51BBBF09FA21E0C2AC4DED4DF6D011ED00D3225D71F115590F2D254DF7F842AC3CF9390DC6D65F03B2FD4B10AA154CB03EE0E4CB673318,
D40A3B53ED0AA436ADA2D61B2FB24A20C92740B3F846F7455925E0F0DD293EFB5FC54BADBAAF4902AC4CD59CAEDBB0E413D5D6A71C5EC7AF0209F4574D3F56A3B6ACFD0A66C14F21A3EEA51DB8BB499FECB8A2D4E0C4E220BB23CCD35F171CF34DB85EB13C59CB3EA55A3800A0CAE953DA30A125E2293BC5F7326436A3261DB7,
CFFD3C3C2BC50AA5E84F03AA3DBB65E651E2D7EEB2EFD562632C3F15DAB2F2DB5F0414EC0009371FD33AF124273DFA412204233DFDF3A8E054D4A25046BF14A838BFF4DCF35B52A222ECA753280EFAD1A1A7EDCBDB08BE40D901B5E9DF5E4C633C0346BABDF51923EEF8C2E96A54FC0F62C50D4B503EDD9EBDF25A52AC0FB6D0,
64DC37C8DFFA55121BEE32EABDA209DCE81CCD5FBEFCB54A1FB5321C31C55837A722C4A3C3C21CD8330324D729305021AE2EDB21CAD4C157E12AE9485BBDDC154EDF0FB9F75EBFA906103BBAA2E8FB675A4C40CE3726DAE4F4AC3B2360B63FA0F234B3FBAD192DD59A2EDE2AB74A54B2F04D584965DBA8CB42D72B4702561652,
D3AC41E0EA4D20561405101D615BC63BDB2D38F0BEA3D0E3BC485357DE022EC762EB2DEFCF16E9BB21F110486129D713B32E0AD1B64FB8FFDFA6E03647BAF6AB29FAB00738430DC3B13FEB0BBF9A54CDF72CEC32FEA8E3E2D867C6D32F154F31B9EFA13441DFBE1BCA1D0E66ABDBC250490EE608CDF8B93E11DD6111EF6AE45C,
06E729E0ED64510A13DADE00F9A79A0644073261D6144FCC254E593DDDC6CD21385DAA1A46F02C2B9BC826C7534A08F04313E75FA75313F5E3E841B61F2C6748A6DE18C32346F3FFEF58E9CEA25BDDEA590DD1B459F8E41DB010AAC04D104D00A5D141B3FD153CF5EA6340DCD9D2F5A61DFA60CD2A1EFE1FFD591EBF1DB72BC0,
0B30A8BB0744AEBF4F3CF5F0E5DFE43EEAB720A4A52B4D61C802C7021AA2AF9FBDAFB3B51819014B4FBFFE25A540B961B52549AECC2E0CCCCC3D519BDCC34D363FFF26472552D4DFF8580D4163E007A4AC41CA52D5EAE90C08541F08A0BDD0219EC4B4C60E2D146FF0A70AA3DE5FDBFCFAE43126F8CD4ED9EDFDE2C75CD82559,
16203803C4FFB70ADDC2E9EAE3541BF8D9A1F6A3CA13BDD71E364D400AA9354140C427A762332927EAD7FC546BFEDBC647D34AAC5FF905162E48211FC1AD13D030DFBDFA3BABEDB21EE4E8FCDDA35CF800F454EB22AD522DAB2D0EF8C8B916D8ED1720B41FB4160229F1DC0AA83A25B30E3BB6DEFB4E1E0CF6E1B3C40303BD3F,
23E81CBFFE67FF2527C0A34D35FB300FF71741AAE72CDCD914ED2E1D043BB8C734DCFC6502C0293E556105E9FEE5111B341BE119D1A3B5DFE6DAEBBDF107E168AA213132582EE2B10B400A65B9C3DEE750A2331EB6151EFC1FFD1DBE51EFEEAECB39C1C4E4B8320CB4A02754D6B425C43C5AE167C3D7053CB9B1F840CA1420B4,
4ED4121C0ABFBC0533B330C4DF26C352D53518A3BFAAE5D1EA3CBE1FE23E1DEAECFDFD53F3102BABF0FB39F6E2BA06105F204709ADF2A6C4D7373AA6ECC8BE5C2800A9381C512354CA2B091F62B1AAD02966DC052DB4A423C1DFB0C6B813FF19DC034C3E1B6913095BB256EEAA0A02B658CA2FCBD01FBFE6609E3602FBB9F9F9,
A228F0382C341D10332BEC0D30A7B0A1DC9D65F3A9503F610260FE12C411ADA0FA56DF022F15D3B0CFD8EE45F9150A4D68D467B152A431C756F0D1371DE609E435A4D603202EAA0B2E21A7EBB6ACE5F8592C54BDC50F3252CDB52D3D0110EB434E0C383B4CB8A8FAA5C2FB96C2EFCAAAF43C2BD40111CFCFF1EEF30542FD28C1,
3820A8A84D013ABC536AC5C6C616501CF14A655C276631B7C6221B5BBF35C93D48DE0A00CD04CF002FD7B71EB3B000E2D999CC172BB3A0D0C7CDB8D246AE3CE73C1526FAAA61182429B3303D0F21484634CE4F65AAC80938DB01AB3A4CD23AEB28AE31F1F845E8D9B9B7E7B730A1C15EEFF4C905CABD2EC9E3ECF25517FA6349,
EFD0A7A1D54FEA2BB24D20EAF33FFBFCE7C09E28A8E314493CC90D483B43DBA2D53AC3413F3E47F2D314ACEF1EA636BDE3F30B0B4060F4A401091EB0DD47A85F9B480340A7BB2F1D19E7A0DE2EB51A4F4BF0180D45F23845A527C35B156521BC450E19AD2AE010AD18AB234BFBA2061532034CC405F126F6C05C14D8E92835E2,
B6FC3C51A653293905B1434C5CD7DE3718C13D0CB63DBCFC5EE62D47D45CF5FBC5112BAAE7AA5EABD22CFA04BEC330B657EBD80753EA211A3FF7F8E53426BFCDA5C660EC57DCBD101C4B5BA460DF40572455E22F0A1D24D1B8AEBD61D5012B612DD85C319C000146F3CADE45B6A9FC343055F80A93060DA9F7BF2261E5B5E048,
DE3A5509DEAD64EEFAB2AF3858F61337063DF103CF3D0550E9F0B325E6C0FEA75C27EEDB32A9BD2829CA3CE2DA06AA5A4A4912DCF14FDB43CFEBE00CC35D22D43EFEE1FAC10442E1DB5B57540C544543D762DA36A1DC163AA71AB3192D4C0F0BCAB85F5DFD9E56FDEDD76AFA5E3C3E57482811DECE32FF370AD34963C837591D,
51B5B1F5D025CF049CC3A42910A673A7152E3825C3ABB5F822C632F216DAB0B5C0F9A7BEA9D5F5A151F0B623F3D2B1B4061CC224594E21CC252445F72C051E1801A156295DB917405CBAA404C841616718E6396D65382BC643B1BFD4F347552F0152ABBE0B2A100BABBFBBCF0D62DEB5405B63566BBD55EED6AE5066D0E4BCD4,
F3BE14562C0D54004004141ADF27BDA644FDCA28CA1EE3D554FCFC49063EA5C51840DA51045C6EC6A81E4522C4A90AA69FF69ADC0E56DBC561C50EDBD8A4233E5E4BE6614C24D9A849EDD2B0A4ECB2273F48E92C6C19B91713DC5EF80F42573DDEA45CDF1523A5E66547F1FBBC4DBA395BF3DE1415F2250709CB54C8BD6AC864,
F513C5059EF29FA8FC2468565CE21B9B1611B9BCE1E39FD5DF4CA2B4EAECFEE24FCA67A24F3ABED70DEE51F36059FBCA464BEB40ACD43701E6A9423BA60643C1A649243F015BA9582908A4500821C318DCB2DD155C483FD6DCEB2E2DAEC0EF59C63625B4C05B570D4242C700CB3F5C38F9FB310AC2D74412389CF238EDF653B4,
DFC421491CB011BCDDE3F8BE0D67B8C247213F07ACB9F5A3B52FFBA156D5A9E7B5C463E05620DF3161DED0A95097A15D274164E4EE1CCFE3DC70B3EE0FB7F4DFA2EA36BF5AE468C30F4D39163D42BE0E333CFEEAA6C9B63260D8651AC4B9AF5936DDACBD3F331340E6A000B0C5CAAC3BC6A3DC22F5FFBA13102DE2B5159C50AB,
CCE22A01C1D052DD1C5BFFFECBC60DC23536D35AD2B124C73C2AB1DF4C3C003A634C93DC41DF61012027C63440E20BE35904E4F0235A684EDAEBD8E1363BBAC545E82B130A10AA41B426275C00644717D0FC5BE510DFCFD146B062B8B9D82EC527E02D29342EA81642E9AA2A0643E5A0643BC1F2E3CFB836CD4B4ECE1EB8AFA4,
1A5C45F93A312F1BF7C454FDA7E46CFEEA2BAF34B217F8B3EE0B23A5DF2320DA2C2DE1C72B98672FCDAA244548244DCCA63C0265F8FA6456C8B3D3F525415D3A08F306276704B53A1D06A3595655EDDA11D0162F48FF551B0015610A0A26BA3DDBF1673A47F4C930B55350102FBA9D234C32292D61D45660C3F841E0A4EF02C5,
FD01583E572DF74B025F10F466A9FD1F561FF7F9E5BD3A2838602827C2BA55F44B1A43D4A6F151DF29B905454F12B59F1F1A4C579A2AC0B7C1F0EBBFEC37F103E3B020E8B6A11E07D54B0949C3A34AB5323CAEC126B95E1B2AE5CEC0AE271ADC33EC6965EDC5F55BBED2AB30B3C85EA047F8AFAB23A3570BCA23B1153E4EEF51,
F0F2F3B7FA623D35C0CA4CC315C2491C0EABA0AFFBD8424711F6D1DA02342566CD5B04CF0C363C13B9C268DDA0F20324FE350A2FFD3919C716F759B4E73B3DE1DB1654C8175817634049D5525634A4BE3E4140D7B9A4EA41F82224BDAC58AEC72FFB2ECF2439B40D204001FCB91D3EA44DB7E85DDF15A10B47BACAAE1CC3CC55,
61D6EDFCF031FEAACD6505D31738C905F21FC0C52414D1BC56E0C2265EC9B65B2235295820F7CC1DFF244C01F2ECB7A5ECA619BF5D11BE10EC2AB90DB715F35EC66AC22B0706ABF9ED5211D22C33D5391D19B165A512BFA33C2163C4EBBEDDD1E55F29233C2062DF3E4931A6F4D6CF0EB12B4FCF1602C3FC9C66B4CDB8CAFE18,
F041405F1BA6DE49C86FF6AA58143A08D92016A52DCC3DA867B235B9F8570CD6C33BCD5D090B1247DAF6A433DE232F00FE086338313DBA0737D430A0DE59A721DD3A2DD5C23FD84DB009C3EFF1DDF62735E62E64EE4222AAE83E0941DA1EAACEA9AD5E36CA55FEBAECDD040ECF0FF14605FE521DA0A52B08B1C144C432D5AA3C,
AEB6CA17DECE352AB4AF4A4FCE09C846E4FF4942D92859AA2CFA70B7039DC41CB549634DF05A1C3E222AADB3FD100CA70000A3ADCF041C2D072CBC0AB1AD581F3366A9CB144DA31EC3A1C9AA58CF6620F2E318DCD2F2DA4A292FE0A4C757DFBF2E27E5FB2D0E5AC8480AA4D4FC31499BA951340544DD54E3EF3B4C60C24DCAE5,
CD3A29E5FDC735E82796BD45EB471802B7B452E5D9490A6157A83545E30FA3A74BDF5FC9E908D23C9F07C0A849BFFB2C2C3BFB5DC119C6CD282803DD9CA9E2BFB965D5B6B3A6C22FD331A3D7D5B0DCDBCE4122FAF059D2AAF348DF4126B6B00ADBDA1A5CE1614ECCD55E2516D330FB41533B40C6C7CF17CEB9FFBFA6B2A02CA5,
B42FF5B129B6DD054CA4B2E108F91EBFB3D8DF33E052DFE52D23A9B0E3D2FAFA40B8E10061EB15DE5709E0029D1FF9246527EBB9E7BCBCB4525D46F43856D5C91A39F2A8F6C356E46637FE151FCA66A2006ECB0EAEC01D10DE33FAA60FC50EE8E96204BA403F1E4851BEE3EACE199DCAB2134C0B314944F044151CACD706F1A4,
2AF44065E0C8AEB228064E4A1B3861BBE0A8D1DAFEFFE7EAF44FB42B0E42DDE7F74B320C57E1440651E7C85FE31AE92D0FDE4F0EF535AE21C563D4D9C14B0754EF4BB0F257F80CADC2A7FAD6DA5AF4110BC3C4FF16140B56E559BBE4AF365114A4BF3D7250D3DAA15337C0542850F73BBBD5E063A5DBEB4EBDA1AB56B0F9B5A9,
416353E3C92241BA1518C10ACC63DD4633EA014FC5561AA64D13F4F556E4AF59475949C24B0567DC354A03E1DE11370D4E440D30292A16C4B332FDD52C5BF90D05F34405F84C29C0EC28FFF7FEA99FB113D0F10B69543CF9CC10A350CFD4D2E09AFA2E0799461517E8AEAC60DF5E4BF411B922D8D9224211061BF150A9BFC9CC,
49076AE5D3AB51310D0636BFB5AF5AFB0DDCB0C1CC38C632C4466CF4B55B29BF192EA9584B42C8BFECCEBE6344E9E93A502CCC5248E3DBE911BB19ACD1A22045B0F1A20B1E25F910F14ACDD2EC46E724D1C0E3A92568A04446C4D363D73DF21DFEF2E02440C7B94CAFF03DBF3FA411AED34F04E047B5E420612119FE1267C7F9,
2E60B829D7C829F3FDA7CD021C05A8CABA3ABB295FB01E474A049DE13BDA21CADC3E43ED16DAE1564B1BF24A48B5B9F649E235D8BEEAC13AEB25C3F41212A449FAA43AE2A6DCF0A231AC459E42A8E1D1D063B910FC2D5FA8CE08A93DAD2B445CE329F9F116BBBE0262AFC705AD39CC2B18AC649FCC4B9BEF1BCA615CCF5836DE,
BD1D3FFB52F3FDCD2FBDE2CD4927F3FFD31FD00E1CE5CFBCC538F4CCA7131FE855ED54420256DC5DD6B60ECEE3493C46AE0DDB46F1E4552A245E6529CC58F25B125F040DD5E5E4A75DE2F2D821BDEBB8D50957342A2247BBFFDBCFC54133EECA4FB5652503F814091BF8FDC4A930A9DAC41450BC3863F9C5E22116A24F500013,
CF685F49B804E0E73562575941155BFC4DB3252037F960A957BB305F111B286A123054B3355CA419DAAE5A44E44BE65F9D6BBA18B640B31A21EF06CBDAE9D3580135D12116AF5E4EB8C40137105FEE3FF0D0B5A303D5F551A33DEBB6A7C3663E4720FA39E7675EB917173C584CB6D613BC4D2205F14BAF25BEF0B31CEDDB5D10,
C8B52F9A38EEB95241AAB6E9EE0CF6B3C0E1EF50355D503DE5FB35A0F60D125E335AAE20FB08FFD8E1C69C07CADA2FFC2E08C1C89FF4EDDC3F36D09FF5ACFF344C365DCED7CE5243464BA92F044B68A64F28FAD6B5AAB1C2254AFAE7D65ED6624F10172BE5162233D6A05E143ECE1EB96144375FB55E3D0FB811DB5DF038E6E7,
A5BAB842A95D17124CF5B6C51B5DDC9300F536A8C51A20AC60DFA14FD764EEF813CC03644098C9BC4336234B42DBB3476B620DB9324ECFEFBD471E3F38F0211DCE0FA2C0D8CDB61A5DC6F9611FAE264453C3E80602B83904B653CFDCD5D21B549DAEAFE0C541FC6A16DA04D012E948C4373D3DFCB15FD2CF39561658A8F561F4,
6144D708133361F14A2E653BDB210C0925F35A9F4013CDF81BFBA22541F3C1D702BA42DAFCD5E0A8E83CE091FBC59E36BDDF1AFEFDB4E1CBB637C95C453DBFBDC2B1C59CA0405D5FC4F1CC2DD013BCEB14A91FDDF91A35B9C917119ACB490B513FA51E002AD83FC16259CBC859F9B6C5EB0F46BB14B7DC194FA03D22E3F90B21,
D2F535BA3F0736F5C6D8C6C41516B0BFF33CC6121821D9DEA4035CAACB57FC651919241EEBFB45CD48B13BEBEE13EFC1B426CA16F824A34AF9FA5AD0F62B631CB2280619C8CA50CB9CD7CD54C2F1F73C30C4A02FABED2FB6E73DB0601AECCCA418383E48E333E70AE0F6AABE40CF23ED4CCC4DECEBB149BFF4631EEF25BE0CB7,
5118BF39ACC4454FF256BF58A314449B3CAD2119BEAEDD23B963285BF724B0225BFC60153BB2CAF0C6A406420BE93C47CF1D1B3A1C345B4C5ED532F32350C2CDC4200541B55CFEE567E91B27B536104B4507ACD1A61F43A64906B84F25EECB20AA1F54C4152219D349FFC3FC19B9AA5E33210F10D01EEBA54BB644EA544C28E1,
F42839EDDD0213EFEB1CD7AC3F24F51DA3B225E0CBC22CAD050EA358C644C09B3A33AEF565493D3A43B768F80C66CAFFCD5CA9E229FA3941A641FAB23053D446CE0CF9BDA1B5D7E23ED9D8C35D432A32A66964E7D709B063255C5C15E0C71557D840D7ECA7DAB0C524A5BA68D83FA4E1DF649F3D6CD26333FFF63541F8191F0A,
2E193E370DABD4C51CE50DD7014CCE2042BCAE63C5DD06C3CC53F52DB665EB013A42F22DEAF555B9070B3ABC65C0D03A3A9FA13A34D8DA583FA7304FAC549705EF680446A799104320E65B665B0EDE414E47145904279FD255DE3B06ECD4D2B833F837F326E453C0B95AFEB9DD5B56A2065E3122F6B66641280CAEE5C11C0426,
BC2B330D38F02AE7B3FDECCD5E09CFA72B11FFD6DC6410219FBAE5F82DF953C925BC3ED1ADF63457BECCDB070FAE9D594AEB26C9D2C9A13C3662E6D3FD1320B4E1DA2E2C54541CBC1CDEE7CCE619E0BC9C0C3227341B3DCDE6F0B2573CB1D8EFED2DA248B00AD63D0A3CF9D353349FBF4F49B5E748CA4A0F6431183D65B9AA2E,
D0601FC427223C0112EB4C43AF32DFB955DEA95A47D5E7D00EA6E901241DA638EBAFBAD2ADC909B7D036F40C5F5F43E8AB2BEDC83DC21001C032CC31E2B0AE20D3F511F12926BEF05D2BE8C4B5CDE7185F39A9D455C9162367C1CE4109F208BE98BA54F79B2F56532F2BBAF7202BC8EF109EAF5DB8B0F84ADB5BFC0609A131B0,
2D2AAFA816D65914A4CFC504DC61F09A43DB2730D3AEA8ED57DC0BA0DFDED9A715F72A2EB597590CAF113B5E37419F10D00218BB5B2E11F6EDB1C1B84C45D1C74C0948BA35EC4558B5FA51AD54A7584BC62922185ECCA121F2B52FCAD40BFC9CAA375117AB1FFA1BBC49D14B111BD3A120DC5F60A9A3C028AB3C2EF61F3E2251,
56342A41F5FC5D64CDE7F5B2094CBA290C623600FEBF5B21DEABDE10D05B4C3510ECC554A321C2CFC5F50B194E46B4112E49579A49C4AF15FB230CFC9EAC0B565501C116D96023B3A852FF30F5E6C4B11906D0F853381605F5673507DC5C13A104C21E1C08C535B4DCBED01846442E0BF221B24ED802F125D10416D716DA20A1,
AEC1532BD30925A8E93E5732F6F5A61A042D23562030E8DC33ED24E4D6BA110ADEA898483DAAF7492A3DB8B9E9130507611741EA6A5A26F76DD02521FE563BDFFD4B2E0963CEE6D53D60534B30D2F0B9E23AAC2C02B5A42B13AB9AF7F2ACCE264B14FE2B4F12EF623A02DD535421CC41C410D0EBB3DCF80CDA172405582BB9B3,
C74F3D6A40E61BB036A8ECF307CAB5E33060A1D167EF5C4255C60FF703DEA4A9BD17D6EF05EECEAD4FCDC44FA6E6A7AFAB43DD4B1A03CEF52AEFF39CD9EDE4002DCA0DAB0C2E27E7654A3C583A2D0350D7E5A9E11F0B5D5CC2ACC023B5421F50EFCF66AC33F82807B05A0A2F2700D99A56FBECFDA3BBEC22D503C340D2DAB919,
B31813F4E7CB9F0DE4A7EAE2A83AE23EEDFE06001725F7AF00676627D9EEB600554C43FED80F5CDA31DF4535C31D065E577138229B41B3D5DDE5D9AC58090C054D5865AEDEA64F22A5C941FC5AEBA4B54D01594EDBD6DE1569473EC52020AE46DBD7C2C701B83C343F58FB603E40F2A9F832F7E9FB1E4FFA1BD5C7421862E048,
AD20FF184466983A0E4F31E74EE3D02A290925F52443C74A35BD1FF1FA0CEA3B1DE0A544559F60E5CB47DC2211EFFFACA168F8D2FF05C06904C7D2E9D79BA8FB07E0C2BFFFA41AA50A4BAB411BC94455992C1E5847FCE4BAC2D9229C4DD66454C9A90F00C41BBB9DB4BEAD333C13E3E2155748C4110D2E42EF1B1CFE3034B5C3,
FFAE0D60E26768684909395B3FC81DC43067B216F72EBB379D3AC4C242E330EF5BD5E2F50D443FEA32BB0D4F6C6EECF55BB4E72F08530D3E1DBEAFE32743E451E702391A1C3E2DDDAEE033B958CEFBAB3E064B1CF2B7D45E4A3030F9D3260030B759C42EBA50C82037C04E5403A22B0D10C5D5A998B2CFFB1C2ECC49FE51F406,
F6B5D5E563AD4AE362FAED39E9B159FFD247BBB9D2BCCAE22754190B263A4F36A3D45EB7A8D8CE53C724CC0B6041BBEE9EF11A1E3C60BFD8324306A91D7434DAB23E56BBD92D36D64A5CECC835F0E8A60F3129E2F797373FE2B1B4FB2EC1F50E31E92D64B43245C6E4491065F328B421370253612F46DD23C7A7C859C5C5D444,
E1CD06034C46AAD455A7D405523A4EA94645BDFC215C2DE9472B53D8DEF86943BCDC64D72CF004CC39BD68AAD9A1D5ED2C6AC95FD10343A49C6AEAED1418EA662951F1C15BFADD195B4C04F833F155BC13C3C468CB0202F9191E43644CC32E25B2148D2C4509A03C6AACD76FFE31B3F50D62104DFB245109F9DD4E2E266924AC,
11AFAD41FAD5B6B1A93DD5D25243385FBC02C426C225C6AD43F9CCEA1DD2AE3DF2D31BF8CE130A5E2BA60526DD9BDD16141D31F3EF66DAE503ACA2E948E7EC48A55DA7DA52E7062A352BFD444166A6E02252CF1A2017BA10C739D2523412E3C6B25EA9CF2B061A3905173144ABFBDBD8C21CEC4A5D56A3C81F2D41E6BC42FB41,
2BC3AE5155FAA76651A053F416DDC62305B6C5A1241F09DB359818BDB110FBAE5F673F57394963E65DB0A037AC2E53A79E9D4B3C47A2C3243ACE453FEDA1A10AAACEF69F3C4ACCADE544A2C7DBDAFCE758EF09A3F5C5B8E3DAF3C03C0835D9FD4ECD29CCEADCD14EC4F24C9B3256A9354911F633241803BEC4242543FF0F36AC,
0FE54FD32CD6B6615EC3396A27CB54C9C3E6171F9FA4B0D938C3150C1BA5B0555C332DB54EAEFC08D02D170A3851AED23D34B4A3D6265FFB0A6EBCD9A2EDF4F2C3395701124755A544DC4AB0E4B56630043F4B131203E7ED25CEC95FB1511DAFC5BF08E505C552E0A22A131EF045ADE968B0CF1D04452944C94BE9E407E5390B,
16F804A1C8E6BB49151855D1D91BF1E51A082D1FBF150039AC5ABB43DE2DE9F6C6EB312C4BDEC32ED1D51198ECCCF83B65EB0127AA674139E9D33ECD2C122508004B5EC24705EDDC2DE1A4F6105E4D2BCDF754DC1F1B05A951C6FD4B4DE406E2BAE347EF4F5CB639E71F655E09A5170D39BDB10C15181E53A4C4A75343DFEA42,
12A53B426315F4DCD4F13B01B913D6EA5207B4D15018B632490AB300A827E72D325A48481551EEE430F1D2D5A0BE9BF5466B0642A7EBEF0E1DE10CA4CDABD32B62D7BAFA2DA45FE7D436A4605E9EC90CBA1D0F4AE2B2A841E0346207626413F232C3C4D640A9B210EFA0A0E4152F2BA7D75FF302D919D93E6429CE3B3814F4FD,
B84125562FFE5FA64BB93630504055DBB24F23AD6864A72A4402BD30D55F38B70B4AA5DC40FD2F0838EDB40FD006E9A4F861E1F906A56151E21F3039FE3E4A524659CC602AD5C1E5C1F6DDE4EA27D5D531E91CA7E305025EAAFDE3FF074D61FF51B558F81FE3E50A0DE649A041B733C0B5286259ADA12CCBCE19CCD92ADFBAF1,
39CFA3A8DD514DDF27BFA64D47C327F9DA134734F80A604F4A28C302B0E5C4B51FDA3F16E400A19EC36DE73D00B262EC36ACD8323EC00DF92761C3A106B60FF150FDFE571B3DFCF6B8D5BFC61109E74CB6DEAC3E2ACCC7D6E310AC2457291FD5036B4ED7310CBE26071440C1545910CB3640B3A12E30DDE8BA530A3059411EB8,
B6D4F6396319573A2EBE63DD434A21DDC6ACC14FBD64BC47A131FF5DC30ECBA713EE6D67335652DF2F04BA491807C2D6B4ABE5E34817EA3CDA332E1B3F275CB8C03BCBCB2AD0E33EAE66E2B12A3439E6D65F66F11463521A182832BCCFAD46A9EF169DC7FC073CD42111CF1246AA1CE2533ED3AC4D172031B4D9C9BAD5C6A7BE,
253FA64703A4D9A9F3150A38FB5BFBB42810F15C4CB04C41FC34B4CB08FCFFA608ADAA60BC47EEF2ACDCB09B32F71150CFEB5EF8DE4F9FB53BFACFD1CC03AC0136FF0FB5FF5458C7EB5ED21DDC0F0DE0CFC2E8066238A4BE1CE4C52631B7C4CDDCA3BCB5FE29F32A18BFC565DF0740D964AB33F13D41A123E2E2BA4FE7D8EBA8,
A7F7E85ECA4325D31715F845449B0F542F36DA441C105423D96349D1D2CE23DAA3CA053658444840E6340316A9BDC802BF4D2415420244D8CDF7FBFB4DF9001F382A3CF2E99BAC4B67A3E83C5C2DD2FA14C5F364F8BEA8AB105D34ADB7F9D14B11C25F6FF00AEDD3B8C32C2710D7504A34462755BA0525DDE2DD4703E9D3623D,
F207E9B80FB5B862B5D6E413AEF9AF020B04D0F039BA1AAD1BA45C5C3C32DC41330ECC071C0DC31B203E3E129C06D34B020B20A3F80049C7F1B90B07CA62DB65A3B7B2D4D967AEEE4712B2B1E71B50E5AADBDBD1CBD24C47C7210ECB9E42A1CEEA4C4FFCEFBE474D9A3DFA2ACA03F4E90205BDCAEA033949D9514EEC363ECB5A,
D0F1A3F0D1A6BD00A3F23DBC28E7420D1363E4B1B5F44C093A52D917A326683565C327C464B367F4A23CCE56F8085AB6031D37D75B14BA4B2538B29A415619DC0FADBF5BF5354D3CF7B739B731E0ED4B993C05AF2D49E5649E304CFE21BAC00055E3F3E7E0D052E4EC47B0B740FDA054FFA91CD656AC22AEFAFC4E38AA4012D9,
3F2A2833BD5B54E0A7CC41ACEB1E48F461E65AC3EBBFBDB8DFA8AC4EC54566EBBD3A4858D31B335ADEF5F424493E144C5A494F654FD4FB410D1326BDF4AC62DAC334B454DD11C5A408372DB1BA38AD282001091E1EBE3563ECB15F0ABD0D540EC73B11CE14492B4BD7CD2D25C7BE03CCE5D1D3BBA83F31651F21623C4B330329,
C614FE01E4FAB2FC57EE00E0F3B630EE5F43EB05E24949EF4F4400DE57CB5ADA62E40D1432B41CE7EF4D4E93E73058A04721EED7C2AA23F24AA91C2F4FCDD521F523504B2EE260DCAA4F25EEEEF0B921BE11C0C82AB7AECED3EFCD532AFAB9C9360ECDE6C460F6FF41481DE2ACF8C6F4E151C8B99EA3DABE5CB7573D4D12EE4C,
66F1CDB0C666CEE9102AF101E9FBD7C0A3022B18089E3730C2D3A8E69F50B74F50453AC5F2A92B28ED0E0632BCCAA44F5ACEB75100BF4B523EAC57DB58C2DE05E02ED769454DCDC8CFFFF413D939B3EDF9F2A4B8FCA2C30B1DA5DEA3F55DD0DD44B2FB371A38419D4BF4B8DF36FF13AC4FB53C42A02FD33608B63B3CDD43A041,
60AD0635F0F4EFA6F8CEA51105F4FB3245C3449E45BC62E0C3204CEE19C4D6D7D6F41304B526C80B5F383F42E048B91C2AC3C213C1B06B2009AF11FA23E743AC243AEB09E3315A2CC042F15850E665E5F0E7161CFB240CF0FD17F3164B2C55C51DD905DD4CA4E32322E4BFC7F0F955F0CF3AFF13D3B64965FC5DB1C7AD0FA057,
4D5A5B0F1C4160E3ADA765A12B03F42D22A4DF3845C053BA64B7FDBCD5EB5C04A262B3BC149CDBDDA42E133B56F84A16D060134D5FB34DF012F5151CE32F5AACB0B3C262BEFA15AB680DD6330B9D061959176BDE18F1C2BAF6C91E5723BD34CB5F29D1D1EEDFA3B643611148A01EAD39D90E503248D668BC5042350E5FF559C8,
3DB500E53DFACA3EC2C202FF59A70733AD4E52B1A3BD49525409171648CBE4F72532A0EA4451D8A63A4C3BA36336CE5CBABFBBACFF54200323B460ADF69A26EC1D0FE64CDE0130A742AE314B153DD0D7E106A82EC0A99D9B05D815C740B834C9F342DDB434B6BD5E5EC645C7F822CB5563A32F563D5BC5D1DC4D3344392D59E8,
BE34613F00CE9DD4B86AEE164634683FD5FD1AA6A6A409F0A1309D14A8AF1DC061B35247004CB7B8043FA6DE98BE9BE3A02A2F0E55AC0CB43015EDEAA25FB8C7DFC748E5BD65F8A43D4EC8C1C3FC43F3FDD8C64EAAADFF21470FFB3E3FB2BBBE071FEC11E9E7C4A32CA53F341E04A12051B6DD464F4B536042F95EF1D4BB0835,
30622D1A2FB8E13654F5F74FAF2811C216543C19B5D6D9523F234D4BEB05ADA4A603DEC351AFC4B2B75AAE70C3B20E4F081CD06CFAB65C10A6D9E04D09DF5EC1AFF5F52AE65B26121B38AD3D21E0B9B23A68C5F1540CCDEC3435B80C466FA04CF4C14CB35CAD241BEF26159440681A35F7D15BF5326AFA23C49B60BF68E349D8,
BD56D6DB5354BFB79EA2FC6224A1C60A0F59135D2DB7AE45A4B515C1633817BEDCF35ECDAE19FAA9A8123948D3DFBEAEF725C5461E42B9D9BA3829CB2CCA2AFC41263AB2C9C55749EA484B1112F9FD0FD01A3CF4CFA5391ABEAABCC3393440983EC92BCC0032E65ECD0C1250F7C11F5A1A5DEA3803F1F5432554BB06B3EED02C,
A2CDE4B0FC07AF2F4ABE0036B0EEBDF1F53A605756B5A3AA3856F7BC57C43DC202EF2845FCA436CA3CAB5D0D09024C373D210F1BD355A40EC6D62204A3D7F84E9EA609D9D0C748AB07D5B8EF5EDA5F524A3000C4DDBDACE0ADA7583231FC0A3505F91E56CB259F5D59BDCA63CD574AD9EAE8FEADEBC402C7423C510CC1CA33EE,
D0E6ED67114EAA14501C522DF047F1BFB0A934BF49054A0340CB2F400EBA49183D43DEAA1F4913CAED43C53D960EBBC109BF473DC31236073C3531253CB72D22C511181C0A24BC350ACC062D5C126517085DB819B5DAA03D6A452BEC5B02FCBFD108C7DACD552ED422A84947B8053FDEB6F20731E41D1ED437D13D2E4AC7B008,
4AEFB2EB2E13B7F007D2BF0BA4DD43FEEA3C01A8DDB2ABD0630E00C13F59D1EC045E333B2F4F972152BEFEDC0D4AE602D8C025EC541452DED428F62E9C78BFAF44BC24FCC5EED36111E44CDC49FB0048C264ACDCB4D8AF0F65481ED5BB303825D3D370D83A282411173FCB16BE69D4C83834E5D8ACF9A0F536B0CBFE4667C144,
4B3F4532BF0C37A41335B9034F609E1922D2C0ABDFF8F9B510F9A606AAC82DFA2261D72FC554F83BDAEF9F0B713941A61B2EE221EEE94E2EC9BC60FE5F1BA43DE30C214561F75304F8B2F4DE4F21FD28A0512EF5B1CBFE1DB34C644BCE1EA49C514A6313FAA9EA66FBBF09AEF34BC0F3442525A7B7255BB618A8CC0EAC0EA959,
58FB0E00E8A3BDFC30D1163B32A80EAC3AFF0FBCD657E3F4EC425A60EC12ECFD0F1D8F24B1C6FD0913F5D1B35312344BD8B0D831D6CE03594061C1A7E1C2B51D4CFF42D81D01503921BD16D2F13D37DBFDF1365F652533CA1DE96507D632C114C6C6C2B4BC38D712C8163854BADF5E44FEBEAB3F4719FEBC181C52DCA82CE2E9,
4CA71A4DCFAF2C3327A7CE6413AD64E5403BC322EC4D559E4FFD23D31305293FDC32C1EFF030AC0B49B66EF3C1FA5F22E73DD92D4BF54B2855EEECF23B2034F3C704634C5722B43E0E20049B1B18019E331BBDD2440F51EC69E24317EDF16237BA4CF8599FBD3900D7351EBBB14BCDFDA09F5217222457AA0B35C6C5D330DBD5,
56A3EAD0C9EA1B359F06D720C6540CC41DB31BDAEB53E8B615076D5D9E0A0A504F197D400A98382F373FD4089CC512F439ABD3CAA21F16D52EAC493DF8B80701D6231BCDD926EAD5E021A4AB38B32439EA2BBCD7EE5C34A461C2240AAF352B4D101DC1250C2A26DDEB59B8E13D5AECCA5FCFB5E50B425C04A8CC2E1E00B9A201,
2B4D382A53E95D029EE6FF2C3A55652B54301A58C9C75937605AFC14563E9F4F0FB5020F3233C5DAE721EAED20FB05D6F8470B63ED1F5A2BC7A4254ABBE95A6044141B21C0BC43544BF44433DCCCC31393AD34C3E3E8CD27CBAF3FA22243F3B89C65259CE6C937EDC22CAFE7D6FE2EA1D64D45DEF8ACD527FFEE10FF4AE7B6EB,
F506EE9DD9B4B4241E38A2A14520DFD71B0F63E435D71D5EC136D466D85E08DB12E7A14D353BE40FC55ECFEE08BCF93B075251DF3B24DBE9ECDFBAE4DA57110D2E605101F454310FD03E0CEAA9BA2FD92A18EB4EA0E70253DCEEFF365BB2B8BD420B3DD2C70517C7DED923075ECE290B5C2ED3D73A12E448DFA54FFD2DDE02BD,
0EACC033025D4A66BED2541A22C04FD85107AB17EEEFE1A0F659EFFAF8C6C358AC174617E153BCC1C59F3E1E3C11512FE7ED13BC55D429F6DC2C45E338B3034E152FDF6847AD971BCAEDCCA115A1C4CB51272C550AFF39D36E080BD9CF205FD3AEE931E80BD40D98F8DF440E0710CA39EF60B764384C0E20C23C07BCD0FC20B4,
56E829FFEE35F3E1EFF609E53A5A1597BAC6A5D02FD750F3EF47E95F2361D1DDE1C67F42DE1A02AF3C2B0FD30F3F471BAE3F19CCCCDF47D2304F59ACBFD51301DD5222D3A9C6E2CAA7563851AA09FEE335D2B4CCE0B11255C1F4C46160C21D490FEC61133FA09C5254C7F22636512B281653E3424DCEFAE0C0CAF3CE0CB6C424,
B46BD1184CE6B93AC8AA3A0EAC45C82546FF404CA42B1E3800454B17BFAFD9E9A568B50B5D2C41642615A6CFB9CBD525C6294A12BC56D74D5E27CAA1FEE9424CF5F209370D0D40E59FEF4E45D5CFAC1FA1EBB7103E1BC92344D8E04FBA1D6201C3420750405AE3BB1FBFECB04703A53AC15C51B2CCCC5DE9FB10AA476ABBCC66,
9A1AD0BD5FDB67AEFE4FCA50ABE2B5C9461930FCECB4BBF0D2D1462EC2A5F531615A2F2E683BFBB20052EF65E9B3D360E11017B4ABC1E4BB440064B0ED051EE44355DC42011801F42BBD02C62FD8D324D72150C6E10A3FB5EE3EBF3A10DD54E5BAB7CD59A50CF3FB0F06CBD035EF2050443045BCAAE7EF03CFA6D813AAEC3D2F,
DACB252949613E20A311C0FD1BDDAABE231824D25EB7B3B0CDFCD34E46F8E629EF5FBBCF3FBF14AAB406F91F09A3DABECF1442A6B0A39ED2A807FE0BB816B55F9DA6C35DF401AF5F300011D0A9E03AB23E3B37C8A107F104B617B6B83019AABA00E1241E2E384318495ECFB33234A05FD92452A60EFC26F03E0D58CC2CF1AEC7,
1CC86ADCA9FADAFF13FA6312085519032C0B21B54CFE3419CC27583C2FE9F9E44D64270F26FAA00AA85E1FA9CF67610BFFDC3C47CEE04D22045EB6201DD913DBB03E40504336E3D8A00DE12558FD629FF1F005E90D9C16281609F5D9EC40F5481959FE0101F1DDA519E857DC2C4FE936E83A1ABBFADED3E5AF5006F033EF0F2F,
4F2C1B564CC3C7F3F0F0FF3A32B0D4D932B4E1CA67CAD01AAE3FA24A3C181EF0CB3F549C37A42258A12EE5A1DAD7EDF4E6D53C55CAACA31C4808A6F862F4E9394FE71EA44613DBBF4830EBC6335EDED903B8AD34EDDCE94346AA6348AA01522DFD08801038C4D5EDE0CAF54BC7AC4F0E124A51F0C3B5BDE09E1EBAE5165F24F1,
A53440A5CCF9B4C0535CE94B3ACEF14000A49FEC44C01AA6D6C0D2ACAE4AFDC257138567DDAC24FA35AD18CB274924EBD906BA19C8682C1D330A65B1F7B753FF0ACBDAED19B030D7C0E0B80230393A5911DC1DEF2051BCA6F1C89FFDEFB59FFDF0F154174ED3FB3AF73A573FBF64510FB4562321D345292311BFB3B9175FF3DD,
E3A5B6CE293835ADBC4D0EA50EF9F9352CB4B4B0A2E85D25B29F2F5847B12EAD233518BE03392BFDFA4FE4E8D92162E81D4A09AC3F17F3375CFB43F0E4FEEB490DE032E62AECE1DFD2CDFC012A4E31C85BFC6907B7ACC11A3CC5A13F152106F330D616EBAFD1EC28111CA6A941C411015DD248DBAD0BDB13584ED9A7FE512025,
5FBEB339CFE9390C59CF33FAA3EDE552BCDEF0A0A7B62B4D5F2AC244130C4314A227A7CFF241F75AABBC32432E2137FD639D510345A3EA3264269AB35F58151D42321A66DC3FF204BA3057E8415FA8164745A7F1443CAA6ABCF25E29162CA62BB8E0C065D4210835CC5E4614E50D46992B9CE73CEEC85CC6B3B6C458BB2BAA53,
65DD3B06B630C721A1B310D1F905CFEF9E55E648E5D415FF3B0BC542B9ABD91E3E1718FEF83C0A4A41B55294612939541A93D712E52966D7D0D99BBA31681CAE2414D653D1C81BFAA1FBC54FEE9A36C7580A0843B823DFD2C64DE86102CD17D1E139DEA6321317B93CECD2465FCEBFE5003B044309FCE10ED115CF0559DE3F02,
A62F3ED2C7F4EEA41541A3E1E5245301DB2E3D5BE9D4BB14270CA3670E193103AD465403F15EED18B5D6C356B91541374433060DA538252F555E183862321AD4CBD7E734A6C1F7C2F0ED475423E030ACA5AAB346D9A141174FCBACDBED0CF4F3F0D9BC0EEB1E4FB6064AC857CB12CEB132D62922AF03CAA83AF5D0B73605D23C,
0FDBAAB1A3A400262D25DCC4024F2E55551C5C4A2E44F8B2ADA4C6DB5FEA5AA45C1EA243C608A84E29086752262D6460A21FEBC6675E2227FE2924DF0DFBDA5D195D6267D3DA2205D2D2EB3CB0690FC658085C6B190B47BD3F33BFBA11DB011C273254A51FD762D8C22FBB2E3C3CD746B623EF4EAD55B82551FBC7FBDBFA391B,
F9B4C2DBACF729679F0C3B14F04F25473B455E4CA92BF340D1E845F03B1AB6BD560A0C4DDCDFC218E91DB0AFD329C4091FBBA30D58F6AB3BCCD5E30BDD0B096CF1BEDA0D6230DEDB2A175C1059CE22DB7128D7EB35A53DA30DC4A6FE313359DF59EDAC1BFE4C395C2247B71B5441493EF820154065CE01A5DC65264AB842A23E,
E6D316C3A862BCDEA94A55A1F357F4B6FCFC9B3036E9451401AC0FFD571D6B270EF74D54FF015D5D32F74C471159FB14279CEBC222DFCE12B424ECC6264F066225E8551AE6A10CDF201CBF4235FCEE2A9F193B271247FAD51E3F3E63B1056345F413A44FBFA2DE9B9FDA4BC1F2CB4FDC471A17162DBA0248A119111973FCECAA,
05E1DC15B210391CBFD1EBD52CB09CCD64014C23C7A6F3E5BDAAE6FCD858BD5337B81B56CAF341F65757DC44FEE7AF2A05300350C6D8DDE1D73B37C30704A252D4C6A9B701AAF04D38230EDBA94DCFCFBF1E30CB62260CF90D412B9D5EA826B415B8E7D4AE1D5F5158BDE7F6CF424DDFE437C7411C5B5EF73D9FD35BE43CD9A2,
ACEB35AF12D1EB6849272F1851C8CDB3C23A412AF8571C5DE4A2F1FB2D17AA393ABEC6A125204D64B5083905F60844D9C77BDBFF2C5FBE6B2637A25FF5AF41C1302446F404FBE5E2560A5B4E302CEDE6D9C25D3C0732CBA229C82D20475D2B5DC6AFC8114C11C6DEA6BC607B2A5E1DD9D434D1454DDDEBF4C4D9CB03D257AE25,
2C21DFA92DD72860BCB6F22D52ABCAA5F4D84607B304F860D81C54C8AF220EFCDA46ADEA4863230A2F621FDB27175E29F31EB4B664471D5D32342F4D50182508BDD80565F0FF1AE1D12C4414BF0F405D4B04FB701E3D0453B31FD4CFFDE0B400A71EA0B19D60BBEFA7BEF43DFB37255D0BAD0525C25829F4604118B5514365D1,
CA654B3DA822E3BDEB29D4A911504763CA2BCE36F626C01BAC46C6294E44A5EBDFD6FCC20BFDFAEFAC0B569D5AC0C4F9F23DB8EC5B08A120224AB4CEE8E02AACB358D9BC4A45AEFAC91CF1DFBA17150CD858EAA1B3485D9E520FC9C208C69E010D48224ECCE5304600CFDC97B01801E44BE3DC3F25B4154AFB13AE3B2AC7E753,
0FC2FC36B8D32C2E51B00013021FFEC14C0BDDEEE4DE02CD46513ED7D7DB5ECD1846A211001C0EB8254FE2D76362672B58ABA2FFB42258B5FC4F55A1EAB7D73716EF351E3030D43DB6AE3F1F255FB70EC95CEFA9D6165A50E1462F1B5CB6BE1B0C62A14AFBE4CAB8549FF9EEFD52F6ACE507E1ADD9B52CA20028E324D95F63E1,
03ACB2A3EE33071BBFB91B13071163A1615366B5B9BA4643D49EB1BB26B7B5D5BF09F7DC2AAAC901A002A6B9A600EA1D9757CA49C74C66EFB11AF254B8EEE9B8FC00ACC4A724DF1703554E29F60BA96351E0C34CB1330DDD299EE9CADEB030EA04BED3115BBE236A5CF6CF10535F13AD65AE174BE0B718F3400C2A25E4C0E3CC,
52BEBDE50BD3F4F03CC9563EF9431B58F2A21217AC3E56519F04CF280E544FE6BDB027251DAF14C713400C4498C9C7CFAD1B0438B8C5A1D6D72F47D34869A516BC5CF80CE95E5866F2DC34B94A2EFBEFDE3BD1F912F0201067F79A66C7592E23DA2F049ED5550608CDB739BFE904FF2F42C6D64C275FE208161726363D66CE9B,
545500334D11CCE4E9CC3A2514EEE2E3573E27A316DA55BDA4FFFBE645C8CC21382E010055DC2245C3FDCF2D5468D1D0E9A4AB123D04666017FE10FD28FFE9275CEE1D6646EFE2A4B9C326D2B29D24E90ACE5FAA2A3C23F15A2C10F358FC23FA9DDACCE3A0FB1D47992CFFAA5BF25FBF174F5406E62A5EA7B606CAA5FAD7FF2E,
BA65D6A5593F244FA8182913E211CFEC5010A6BFDF1700D8474BD9D1BA080026EC4BDA05ECE75AD92A43B8545105332EDCACCE4C05F900D3CB9F514DC3573BE23B57B9ADA8B3EB222FEDD25D0BD6DA56D92C220DB5F6E3104BF858CAA60F65255527AC3214B65D47F6AC1B1E2A9FD9D0A9FF08E2CB3FF4552201FD2B50563BF1,
449E62565F33A361CC4CCFD14D0CFEE030C2EBE8CB5D1FBDC008A55031514FEAFFBDCF55A2BB4707D819B1C21915D80EE5F5A744CFE8F207D6C5A0E4F52CB46BE866C0D1DDD9DCD418C616FD34393EC8F300FF292900CE5BB41BA1DE471F085E500ECBF1D158EA31D6AB2B39B95BF21FEFF3D1304A394B2630D559F33C4C2B5D,
9710CDFECC19B80CA3D5C61C22D4EB3FB1651B623BF96DDBF3331562145758345F0BED5C01B8D2F02C00B00ED1F0DDF34CD4ECD9A205FDD6B3F6D4BEC6024347C1CA1061CD55DC00B60E06FBB6E83D2537B9B41E5455EE0DBC60C42551141F9EB7E33A0DD8B5BCB533031512231939BDE5B966C0E548C93AB550F917DC2F52EC,
5F0269F0C9F0AADAA7E8A0CC23D1D015A6F8D60927A0E156A5DCBF64140965F64FB3134A9FB4C9513DA531BA21C432F43700C76336061012CD435B5DC4FD4919FDD905E9AC3D4753AAB5552F56C7B50D330FD23AEF36363518E85C55B7EB6460264F25C744061E6CC0A10FACD4F017A4EFCB5FC7DD1921CB544DEAFBC6D39D02,
6F69DF50EA37046A4FF9BC63E84C2FE912A9E7439A2344D000AE203FE1ACA4BA60F8A55A26FA6BF62E09AAE651343FF5F1500DAE2C42CF589DD645D95CC6BE3D5C1EE2EAB3E60EA4B7B1E0B016D70ED62456F4A1150962421F14E6E2FF51BA35A70EC2643E560DB5C63C66F7FEC00D45513D22B3054BA3D235AC2DEF1FB82F40,
FF62510716C5E8C32C3AE7CF645316E7C4E65B08DA6B5CC13738384CA206BA2D1CB0B72C5350BFDFB72DBD3A2FE7F00FB639E32121D3A467B3E85E3FA118F531325C3D0C692FA7DEF43128FFCBED630255013EF04216C959D371E62CB946FBC5115F5008D6A70E23C3493E47353621F45A28AACA1FDD12B1D9DA2A5020C7B434,
99CF5EF6EF55D26A0BF0C246AF5BB0363AC70DD0AD1D62A151DDDB23E62A365C61CDADA311CF9AD129F3B14ACC5C5BF0D6F7B42425AB450107FF120BC7C13169D051B4B6E9A813F808FA4E0EA2CDA2A1FDC11954EA4D96FD65E85CF5B75404FAB36508545DB3DEDFD2E6F4D4522B3DA103340A17464A5A511DCE23450F0E4013,
F62CD209BDCCFE00533FF538CC3AC9C0EA55F010AD07A8FD64F5640650FDCBE2DF24FCAA3A36AC1742680B57EB9EACDAD8410FE36B5441EE692C9BF0F447D80E42B763A6A05BA8B7A926AA04C2DF03F613B83D55E901A8BCBDA45D3367E8F0E543344830D853D725BBC522BA69B3B5F1ECDF60F04818F64C13300DFFA8262AA5,
281128C5C43919BFA4A8F545F34EA737375FC2BEB7B1192C5ECE62CDD7D236C456D712283D475F42CB4C46FB264CC3C0E9C0B88E58E149F93A4DA31BAF31FB644C114E31B915A62F2928EC4753122D5F8F4522C5064632512EF9324405FEE4EE0635F95F03E4170399D0D828164FCBFF57CF15A36EE6BA2B46C5CF22AD30E4BF,
493B462C61EB5A544BD923135ADD5E535DEF01B824CED0070B23DBD9B35FC003CE20E8E05F5E1CACD6274018BFB6CF16020D1035D93816AAE9A9C9412F4BFC37DEAD2546504F3DD9CC4DB2C2D7CC23C8B808301F13E93AD84333A1F9444060570F422864D53FCA8AB0F05522F2E1AAE7CF04B6DA2AB7B4F5BD2A5BAD34E1A2CA,
C16ACA2132A8AB4BBF03EEA7EEE41906C90FBFD4363C1A311BFBE24811EE343FA1B8075CE1FDDD0499D74CA2C347460FB8FACE4FD65A08192A60E1F62DC8EFEB1E66446B3FF7433321F6F6BDB41937BDD2ADCB1BBFD537042C6217AADDDCB31FE5A6D5F4485B53140E58FA3D331E5494F943DEF30AB71E20463F0618B35204C1,
5418E9FB13EAC701C45E1CCC3865C90ABCA0054B5ED2F402B8E424B25405F0F3CDB931F64F9EBB63571C0C15BFA65F574BC760A46004F1FBA1285AD3B01619A605EEC9ABD237D6430AA21DA04DC80667B627435DFE44C3DDD71104A4E34F9D204212B4E0A21AD053BD503399240FF0BE50EC454FDE6930C449BC28661B06E30D,
362D0995DFB14F1640C6E00650394725D249C15F9D2AABE317B804D9CB99B0F332E48C5149AFA8CE2216B29D221E9F0B9BFA2CD9F2AB1660CEFA58E3B7BDBBB51523F3ED040BB40C4E4DE863F0FAB72523BAF09BA3F6C6082CB9B239AC0314B0233292F4A7C85C2904C934A9F0EA2F1A0526DC3FF3029EA70D29ACF95E0861CF,
CBFBD3A62F442C109E47CAA8D3441E22B5C7D3EA02EB5D2E5D17F50B040F4340C8330139E64336B90FB8C520DF653CD12FE306B86407B427A5AAB1E6F6ADCB28A0C817D54405DDEC0FC15C47C8AC3BE7AD33BDF4E75A269B6BC9A3CA54AFB3554EC31BED501202E1470260B4D5B19D2218B6BD1711566462D75C16CBE70EFEE0,
4107B3C20E370609A0CFC91950BBA19BADC3C9053615B8E905B258A62708EAA3D10FFE1BD04427F724EED519CD41DA10C701A50F22341A02C1DC334ABC9838D8EA1D3316D356A152EB4A4C52115A3757C44D36FA55E4B63F533C0BABF8C6215D31D6BF630D33B644D848FF5217C45456A1F40032C458A8662FDCEB0AC7EAEF13,
45E92ECEF7DCA72CAAFD3831B626BB419EA2DF295CA74A082DFFC36652BBB3020B085303BF5AEB4CD2DFFE3719C00415AED413E616EC180D413217A0A05BED5908E84B650029F0666040DD4D13FD1622A01C2CBE2B58E33D616A6729EBCF2D582968D71D3002316924E0592E0F5E264256C1D9E03EE8C903E0C32EFF19421CA9,
E3C1A40348F5B4B012215A5810DD68CEF4AE1F1862B0A2DFA33BAADBEAD2BA55E5BD1D50CEA0025546E5482D4953043BB6B75E03AE290719DD0421C8B106D5B0000B225B46B9B45D4CAAB62EBED6E6F936E94A35D828C15305EDBEA4DF1CB855DFBB4C2042C964E7C231EC5A24115C151455E3F00D1420FF36241E026A012B14,
49C615FDCD08F0E82BABFDA654D51F3AF2C9B1C801A102B1B8AE0C282C4F082833D33463AE1EFA11B73DD4F5AD000E44BBC40B0F56E944C55AB74EC39ECE0BE11F6143D2A29B16AF0560FA3DCE0E51DF0849B908C1E61A30DFF2BE2BE045CCFA454B4BC83820A3D6FEE417D7F31DCCA854E4CE35A041A0F8BAC3D109DEAA34F2,
B1E7ACB154405D054A17F6A6412BC25BB31BEE5CA7C2F9A0D2AFCAD14DEF2AD2BACDB65DCBE249D45E425CA7ABEE0E54C9B1D5305B221EF5E04EA93EC4A8340404210A01DEA94523380D6301C029E911471D2F129FE2CF396E093DA5AB1FF0C5E613FAE9DB04A54ADF05E3E72FE6C55D62D4E0484EBC1D5BF340ED33CBE459BA,
3AFD0E26EFACCB47CD24565564E014C461F0A044B6F207D818B6D2EC0DC04B3DE35BB6FB4BBA09B8EBAD00EBF46640E6A9EBDA5BF413C0F2A10CF6470E09523FDEFAF1420E4938B221C43C434F0007633650BFC422B0144E220D3F35DBE360FDA81BC765B319321C38B52C0D32DBD70BDF3024FDC71BAB6628A858F5F4FE44E2,
3E04D72F483B5DCACEF541E3E72F1344A3B4C75CDF56A13814565A031C033CD3B80751C2B05B295FC3CC029AE14EAC31BBAF24B8EF58A72450EA3639256AB2CD2700FA051731FAE80ABD34C0D6BCC3C7FB21131DB0FF5ADCCB51256806EE66BBE454D1DDA223D5014ED9E1632F26285E684544102613DFF417A355EBB89F0E13,
69B3FD5FA538E71A604AC9A415E12593252951A30CF7C1FFFAF5D0E0A04B5AE9561E0CCD4BC4AC282DED2724F9C413C4A4344E3CE6B84802EDC0301804EE27EA4342A919B1D1E65EE3CE594C13C024CCBF0DFBDA0BC12CC8F34B6CF1A538260B9AD83EB7D1C3AE384DD41AB80903E4F851405CFC52635BCAE6A3E7B81DA20CE3,
FC5EA15A2A645CDAA4650B5DBD10C73BAB19F3A652114151F406EAE4F7B4AF14F232CDD804D32336E3BCE9E908CFDECA0B31E49820C2E5A55C316326C1D4FC054121012756529D53AB62EC1515C750A83DB8ABE34AC1632128CA2522FFEC20FCD6222F44BBD3F6EDCA1E2920AE3F42D3415AC25E2CD34AAB2061A737053B54ED,
36D54B47D81A0B2E62105BD108B4FD44D6B226D42DB224ABB6B3DCDA1022600809D9A41DFFFB5CD11CDB4FE920EDC1A61DB1D6A0365D46D3B5BF054410002A0BB36BA616674ACB54C3430102A0FC54ADAE125E17D4FDAE0FEAC7BEF3EBB4A9B4BAF12C69D8D163C2E5D5D0582266C1FCD352FDDED0F90206B5E63DEA0033BD26,
E3CFC6D14C38A1B4A8ED38C2180ADCEDFC399FFB392DABFD0A175A48404DAC191AC8BB27FCD89DB15228DAA59D1C3344FD2D2754DDF6261846085D122454D9B4C45858B22CF2E1A53F44CE2A2229525FBCA62BBF5AF3A8673A34BF41BAD5B504B158B43B13F3C550346138B4D7C356C1DC34FBDBEAB52C9D9C60F208399DD2E9,
0EF6D43EFFE03AE3FDD8DFA843E030210BCECF9FC842ECBED2F7DAC0FACDB358A30A4E16FB3C65E92FC81D04440CF135136C43BDC76852CDA3D703D9F0511EE8ABEF5B0BD7A23AC4200AC922DF3A6156B9FAD0149DBCA94D1B2CB31039EB4823C9F6F8DD102B584026F4C1EA48124E4648DBC1584827AAD42E6162F0DECE05BD,
B3155FD81955A2520949B6C4666100C3554F4F0B12F73DD1C6D94F0BCF1D32F5D400B568FDEB5DA432D459105031236604BDEFAC29CBE5AEBD4122A834A0F9D609E8EC5409E6C8584420ADA9E7AA4AA30E26E0CD4DE533A3E09EFFC0C2D50CA3AB3105EB51BAA2FB1CCF4E02ACBFF40F39C81B41BB0FCD491C525FAFA752144C,
F548E24B9A250B394ECA01DB6065C21DDC642BD26CDD59E4ED5DD8B8DDD8074CEA644EB9AD4295EDDD2F1560EE502A23BFF635ACADBD273157BC38BD31485F1EEFF5BED8D701BD29ED10D704C05CE43312C7C10B03C5CEA343CAE509260D2C50E5A754131CE359045F5BCB533BEBA661091D14D2EFF0665BCC1BBF9ED5565009,
35FC095AA25FF1079E63B633E6E8F79EF8464F5C6730CA0866F0D8B45A29411C9D3EFBB519A5EDFEB6E4D72D47355BE6FB2214C62531046607E33913A970FD4AFD5FACABCDFE3CAB50E13BA0A0ECB3093EF041E3122A5D672A0FF0CEEA13ABC10736F66A380E39B5639CFE2231CB4E55C136604213C1DBAB4F09CA1A251E5ACE,
D25BDC28D5F6D0A2DAB53416C958A9CEC204D6D2A9BE0055FE37B65644E8325A25BCE1AED32C06C65AE8C158F900293AFF19ECBC08E102F242BDC9F0E8D218ED45DB3E2CFCC10DAFAED4F1E6C86641C9C34A0DE645F44F00572459D450CBB20A2AB4C1D9A112E5154B24F00B32EFBA1A63C43929E6160E28BFA2AF11E321FCB7,
33AAFFCB5EBDE2C655E7E43A47D8F12CBDF9C9E75336ACFC1B441AF9E72DD10E2940FE37C23DE60BBC45FBA2AA2E41ECD24B4A0C4EB503DCD115FDB61E08FDFFC2F6141069C326F8EA359F1CEFCFA2E06BB1D0AA22F5104EAE40C53F44CB4B58DFD76AFCC01A6230CE06D0ADB1B0BCBC186328F0CC4B1F05B24DB1C6AA1B2D1D,
AC182FAECDC60C1AD6C9293BF33B311A1A20B5D151F413A302AA12A7B554CC2F10093A0065FFB0D4C152C0E1FC375603F149EAF52431B54DD5CBEDF3ED4EEC08E56B0DBEA6A45E2F5C2F689D5DB63860C3FCF63F2524C11C3A5D5FBE4BD44D3A3BEC314FA4B109C64731EB6035203A332418C6023BA60DBED1BFF2D73A66E31F,
D22DBA00A451D328E525489FD2594BC8EF07E6B53A54D102D85A4965F8B335F3130621A703FBF320180EC0550512CFFD584D382BE0A9CC0DD43CBB163CCE62CC5A35C8ECDCA20F034716BA11C16264D71E47C220DF1231CBEA2736D1CCA118BB26DA0120BCB00BC84CA4A42D23D0330A2E17EBF24A14031BE0F4C13961C3C9E0,
A8E851C7EBB9ACEDC81B22641848AD3F55219D434226264DF3CAF2EF1514CCAD63343EEC6122464D0A3DDBC92815A9C42ED4DB4E403501FC3C091000DEF0E254433FE6CFC5B1259F4AF331BE24B5CD5A54220238C5EE5662CE64E4FC5FE654A137EFCD504DB609E5F5D010AD3B38A1F1C0BFFAF0D017344F68C5A753ABDEA226,
DBB9396CD3C6DCE9BE6753D4DD6812B41D5631A6C8A6E918F813CEDF19DF9EE8E6DD5F50EFB5D7FEF7091205173AC6A1B13CE7484C4A0DEF57BFF5B7E122DDF3CB6107AB46E6300149E0165F27EFE4E61A9926FBECC74DE0DED9B6520F2FA439CAF551229D01D20946D33CD1F7C4C31125E74DFDF3C5010C38C43A5A6DE90A3E,
F8E54E1BA43EDE1BBFB130D52D30D762B408DFDEB9B0AB3E5E0B3E5645CBBFB8461A364ADE0FB9D760AB99600B2E06B02C144951A53817A94B51D9AB265F24E708165F595EB4374461AE354B0A44C0B6D9D52EEDF750E8B4A7A3242CB205D6450A15F5EB05C3271F5364E6DBC02ED7A62629BB311737C2C036F26AA453CAB7E1,
12AF0B4B0A651C59B64D4CB1A91F24372D63E01D00DD3444BAF60737ADE0CB45460F4F022BF66007FB36571F53CB50FE3C50309F222F9E23494B33144C5051315BF9BBFEE30F62A7FC1C20CBA64644FBD32E53D84B07DB4AB03320F9D9321CA908A3E1492A3D04B00CCAC6A95728C0DCF025CA24C512BBE32A601320EACFE9BB,
5F28EBC162621C28B4D7A3F1073F5F29C0F016071C3A27A2A5E6B7C6EB17D1D9FB14F2DD27F2655E1DDA72F01B624343EA15C8FF11DDD0A62A14B346A43C2B59D64241F0F1E404C6BDA852270015F5BBC034C2564FF7D35AE96B30D35ABFEDB9F1B8144BB045B2C62EC8E4705215F02FB13851563D510B1A524DD3E6D6FED95D,
DEDE0EBF28B4CECCF920ED33F7D6470DD0C7D3D6194D14B322CD4937EE6FCA6328C65C4B19AD023A09323EE6EA53B657BBACD874C6D531DD644B0FAF43C0401B1DC34141CCE0F9EC00D6C9C5395DE5D5CEE81FB836EF61A75F363F3FE0D0D5E4EDA5030BE3D4A8A546FABDAA034DB1E220C02FE9F566E42CEA4722C116E1CA4A,
964E39EDC7E227A2BE39141AD339C20D09CEAEADFDCE47A3FCA54E420DC5BCB0EAD428E151E8CF3ABFD7CC0C0DABC8CFB34FE53A4B17AC2EF3EB4061A7B7072BF9F7494BDE45B847610643FBC8F107B5EB0906D6AE3B1928351FF42A24A4209BDC13E9E6F438161D270CF947A7BBCC0AE0D341BFB32EC3BDEF1DE5580813540F,
54D50BA93DF248E019F6384367271844F90A5E3EAEC6B8CA340C9D3F9FCA18BCD01B345303F65935D3EFA81BE737C33E3FE04898E6E4C22DC5DD13BA254DC0F3E912CE272B0D18DBB262C4B966FC2305FABD59B960BC2E0E9DED1E2DBF4065B153EED9B0ED2726952F361EBE3DBB36C7671DA2B20AF7D90139D0D739B53E5D5C,
42FA0912EA4BBDD9E1FACE16C61A61C0C32059F356082FF13C1A50A0C4AAD4EC171DF9EA582AD858BDBA1ED00E0B391FD3E0CF24EBD72727FC9CF537C4543C3849632A2C37E6F34BBECDC2231FF1C8F826259B64C61602B89C5AC6B34FB1E9CC3FB397B437AFA0DED45D2830F81CC658C5E423514451C1DDE311F412EE44BBA1,
E53BBE5F5461B0B006334ED73EC9BBE1B40247485044DAF1C43E0AA6F42523EA39252419382A02534117AEA65BE43CD83139D2EEE2ACAA11CA151941C657EB38C80056E35EA4EA1BD9B35A005624572A0CE43108A51F47B107DE35BBB7385FFF9F3E7765B5135E2030412DD15ABC1BD8474D202FE617C8573F153834E1FA4035,
C5F1E3FED1CB56B1AB03C1D2B23FACA4D548DE57A65F0C254FF9AB2AEE07C6AE9D15D219ACBA38E1F55DF0CDCFEBBA44C4724052B5E23A0DFE12B14535DA5B05375F1459E8BEE60E10E532B521CAAFF6B8BCE2E3BEC95CDD6FE35FEC041048EA00B710129F111DE442AEAFFE5A40CFCEE941B8E3124AE5D4295629E053C1A0A7,
2C134E5DF1213259EB55C72EE52FC5C72FCE4FB4AC2A210E29D832D0D6BA04FAB1C16128001FA0DCE7345AE6B3DDACFF37F816A3DFF36544A923AFAB191C07A7F8F14411EF04F256C8084842A4F4DD5393CFD641E2B823181ED503C6AE5DB62EB32D174A6636C622D003461BAAF8655267B3D5DE0A0B3336610063392C3FDEA7,
BA58F4954AFCFC545DFD47E7ED00EA22A7BEAAF3611EFF253123D12BB2B1EBC01B4700A568C0A615F13432A1A4C8DF14B1C60CC3BF3FA1B9E0C6085930EBE9B41A4651C7A8D5A4AA1E1EDE1649C5ADC89D4F9F0149FA04D5C7E0FF1CC0043D1BD24B102808FA185152FB472E4CA6DA27EB5FD84C57ECB617AA03B6F39DC75623,
DC22AB26EEA464C32750464B025C48022001445F47F25E47302C3757C3CAD6EBE749C7B135A5DB13185ED6083D02FC04D7F5D5552859F13D624AF14FEB31DA54B401F6D65136BB6AFFBFCD5CB5BD2CD5F7EE3C115245ACD6110C9B12BCB0DC47AC5F044DA459C761C4615E145268145DF703090DF92DC1B85B000DA74A49DCE6,
EC0EB118DCB9BEE3C73DB54BFE5A9CA8EF5216460161A3295D52D46700B2F35ADC52A50F0C27E0F150030CFF4DCCDCB2BF212FC7DE3D5DA8F4BA3FF3C5F16509F0F6E4D9D2C4E212D2621AAAA13135A1DA20B5602603D2B4C10E4632424DE013434947C92F4F51BEDF1716CFE24F232641D165D45427E307FF3EDA2824C8D1CB,
BE06FAB80A2209280C3C534D0605A4BEFCA3520112365A38E5CF06CBE91F023550FDFBE11012CF4ECBCCFBF8B71CF43BEFD5E411F34BF0442B1A43209A510019D2551F0D0EDB679FE0DB1A2C50E036DE9D560FD72CDCEE4915431F04A86608A8ECDFD65C4BAA2C2FC51B31F83A370FC6DFFA174DFED4AAF43227F635000BF21C,
E4CB2BF75D3608041DA5D7C1FFD7A3A3B4EDD35E1634D458C5531E3147DC49A4361710E643083A3862F6610EC45ACBBE33E5EB4FCEF3D153E39DC3C54D249C34EADD623957B8F0161BC7C31E9F0640E7C24F9EC4080F56C9B81E610ADD414D5DC2C8ACEEF65D1C17A81EF259F1570FAF57335F40F34AD53C4AA6E3033DB844D9,
CADD15DB33A55314122BA2115A5E58B0F1BA2B0FF6E32624DD0565A459B2A4210A42A94ADE2DB96644FA605530C0F212632C535AFD291804FC04EBF505102831AC1116B43ABECBEAFFCBC153A9304D1B673555DF393D1AB85DCA1FBC1CD6FA5A55EACAB25026D2543D390359A248D048E2FC4FABAFA4C2A761DA669EBD9EF9E0,
B6DCF2E8AC3DA317BBDB256661DBA547EA01D7CB640D47C726F230279F461A21A2C3B5243FE862E5A957EB646CC85D150A63666034D50DC63D34C0F2BCB0F8AC1C0C25135B24EA37E6401BF75D603A0EC0F4F2395B0608A03BC7FE3DAAA6380CF136E1FCA5BAA3AC4EB7FCB828ACC015B8C9F6B556C1B8FBAF1F35AB6A552FE0,
D4F739BA39D1BD2BAFEAF4F5EFC6E1D44D3267E856BFE4ECF6E6B4E39E35D767480A0E164300E4DB52600BE4DCC7DF0117EED6A747C35A5F275FB8C4ABCBAAA6E3AED40A653040FE5A562DCEA9B65930F0D63C40E9ACA063AC4921CE4337B31DC6ECD3FABC0BC002691C2250DF38D49B44B5EBB200DB44C6D54EECF44027B508,
425B27E0F5334334D5B52A1F3A39F04DFBA457A94013A823081B1361D0D9172D17CF07CFC6E8EF3104A259DBC04F40EDECEBB029D453DD42ABAA4C28F81437BDAB13C2FC42040162EE1166D8B346FEF84CE2B3AFB2E131682634C555EAB247AE19EA28C4FE539E7244486860B6E863F110D00C46B13D28C2AAE8A96C5F0310D5,
4CFE696AEEDEC8133664C008E830D105A507ADFBE5C7303B230EE244F3B5C4BDB85444AE1BDF20312AEBD1D145ED0A27CBFE1055D0C7AADFA35A2AEBC5994127E12EADD7A32EA957C04AA9AAEC3B3BF1F236C2C55CF40D4A651623C432CAEB18A14B0124ED525EDCE5F0EEE6FD585C3CD4A6F0C7B21059C84ABC53190E4AB3A9,
14D7A01B0CA5CC1DFD4250E6EE3B5AB4B4BC5BFC45F617B23BB5BA57C4F72A15F54BEDDBD6E2C6EB1B330DFD735BA33300C5670FF2D0BDA5F445E84AC440A80DDCB74558642936D35C45EB1405353DC602EFA21706F934046AE23AA39D11F7C8B322C56C594BED299DEF046AF3664FE6A4424A6315EC9C139BE4589BAA6214B4,
3F65A72628182C1001346262A9C8FA1D583C435DF267C955C6A323E751D02F5CAB3769CB13B40DA2093237BFB11EF54AC6D80FABBF31583CF10FC134AC6AA51B9CD5F22D3FBEF7FB4A1BAEF05F1BCA1A9447FEBAD7C902B70EA2A7DFFB32139AB2D215D252C9AD07E6C73725FF0726A301E1FF606D3917D5D93428452F61D42B,
366864433A002960594CADA8F1CFD3B84547192CCCF0AFB444462A5244B4B44331CB6719AEC1C0D103A1F045E2C52F6313F1D2E8005F326742F93CD8ED3328CD06F2A8C4ADACC9BD5FDF2E44071B43B1A663E65D3ACEEDE36197CF68C11D01F25621E2F6CEE8631A5AA4D7E7E7B008B74AADEE5F334966F4579EE26A0CBB30B6,
B9DFE34FAF45ECBA62F4F524D5683EC852DAA8E6EFAF2310DBA5B0DED8CAA20CAA5CDCE3152AD3FC4B62B9FE36C705CE0A3C422CEC1D142754B5F9D2DE3B5FE00E1A23D3B2A113A8DC2EC83226C15D59E53DED55D106B3F1EAC73A0DDD1922180928A5ECBC374C242CD0A6BBD81CF8353719200049C859A73D15CDCA39A612B0,
55D451AA57492ED0F0DC0D0208A6B15D65F05CE4B6D5CD26CBC0FD1CDF3B3BE39DE1173DCEDFA1EF3924F80A6838A424CC5F3627610B451CDEA23F3F29413C6031F34CF5F6581CA9A647212F0C493655602E40E900B1A2356812E9D2DD54DCB237182B760465D390255B5FBF66011962690B65F5BC2CDD46FBCEF9BCD959B2DB,
62693857D5B0362CEECE49ADBCD5A105F9B2FC350DFA52ACE6E00EB6AF550EB4152CCEEDD39A2FB9B7D60BCFD647B21537FED30622282ADCE5EA9F3315C85D1535D9DC492CB5AE1B5261F73B312B4ABEE8AD3F6E5E100532A6525EFB512C00D432AEF7C0CCDB191FE8E5C9C468611E10B4E3031A3DCBC63307FDC7EFD2393AA0,
494FF0C15BC3F8B63FB0F25555124A060C1A2CDDF9D92BC13D1AAE36C8ADEEA545F40B2C545EEA113A425254A4D8C12C240E343BDD62EA0315ACFBAB4B0D6709A50A54D5BEB93BD80EFE2CFF5B21C5FBE8CFD511EB3CBB0F00D132F5F71C264B09C8AD2F602FCE3C07312C4E1B4C5D0B21FFFA45CAE730F0BB06665AF71B1560,
57BB1300CD11FAC834EFA2F7E0A5D0AD46E711C136095432180D29DA17A72356A25DFEA4E8BCE80754F76897DA4A4A27AF05F5D8095461CCE2125A1E2144ABE9E665F5F2D64813B1B847323F539FB541BCE6F75FFF4FBEF03A0E1B30BBAF22A40C2248EAD75837C13FD92E58DD06B0A7AE43FA0A0458C9EFFF30ED42F6FF5549,
DB2D2AF32419E13CB32F2E4813DC61EBED3D65ACF2F5472FA25C31DE9CACF9623FC1AEE5AF42EF55B3EEE7A536FF54A4636921EAE440161CB1F5BFD846B5976630A21FF5680EC845DD21474539383A6AEF2DC33DABCAC254C36620A21FDA46BD4C4FBC4535B9D02AE606305FC9CAC0E3A921C65B1D19B52662066858EC15BF65,
45D6D0E01B3F2B35572DD9B91C9F4F2B13CFF3371C323F4257191131FA07AC35FF5B2669CD9814E6FFCBB3EFB959340F00B7493BCFBF3EBF023C39229EAF5DCDC5034B19DDD1D8BDB3ACEB622152FA56A1B05B6C010EE03D52BC1D24C6D9172E4ADB5A322AF0C71BA86031A7C7552757D7D8A15D0850091AEC6050D0E72B0AD0,
EBF0032ACF592BEEFBA5C1E9593DE5ED4E1B1F50D1D2DB08ED006456F9DFB048213BE5091F9DE1AD61B1A35BB0E2A813B6E4C417E3D80BF545C8F2A3186CF0B9D552D72AC04F56DA47CD4FF73A01F4B60BCC426934F86058161C5D0FB66AFD2AB9CF3EEFEEF2ABCAE5B81B5819E9A816FB16DCA64A4240B0E1AEBE6024D0F50D,
66E11833E5FBF50DF7181FFB230167CD35474034B41CE20810D558C9600EA1DAB60695A73BD9CE30B563BDEE37C442E2B8B1575DBC3E64B844021052F62931A3BEC8A401F2F8123C9FB0513254DA3AC5B2AEC7E7F0460C57CB1A5F5D47BA351CD6DFECC0A1D4DDBCF7AF551232F233541612BBD5D85612DF3D34FBFFAEABAE5C,
1305A5CCB8BC2FD92DA5F90BA2D9672609F4D81F5D1A5ECAD4E1EBC5A34F13A3A307F9D7BA283DBEDFBD531BFC00B62348A655CE514714B849DF9CA151E84B234A080FD40145C3592661B12EBDA43AA4DE49B50DBEA5C9F5E96CAB2EFC22EF1FDFABECF92E23200650D9EF1AE065E7DC655C5E6836CADB2D230926573F4A2D60,
2916041B02120FB4A05EB7B721652749ACE40DA1003F4CEE44C75504D8B4B9F82D07D94647BA57D4F2454A44DAC7E5D25DA0C4D5D62CE5204C31B7EA1235A9EEEFB468215145A1D82EF9BD9AD064D5DF34D8AEAFC519ADA3E4DFC31F05D9C2D5484F9F5ECF30AC06EB25F726283305061EB92EB7C72D2BAE01BD3BEAD2B8FFE2,
30DB39F4D41DD00110B2ADD431A4B5F8434EF1D6FFA00AC41BAEFEE00F53F1D1BE492EDD53324DBDF3A2A50BB0EE58D3CBA326C24548F5CFCD5BB10CB64CF26AAD31BE2B0E312FEB0A43FBD20F1442DB4A53C6E9213B3A21C1EBCD5BC45123C39EAF0D1E182CE0C5CE1C3404E7EDC8D3359FC7E3F73638A9D9532B4DFF0B55AD,
4F5AAD1C151B2750E1183707125DCB255360480DDC0D1B3328F4F2ACEC41BB2B3A1D98CF18FA2D3E60F55A11650FE6370D614032DD2D16A80DBAA26313B3B0A90916F0E1095B3EDDA637014D67092BB5010B07A226A05C3AC0AFBC37F5C2C0DBCEE4F2BECFBCF3480C40BFCA05454CFE5A53A75FF8ECD961E84E44D75466A33C,
5A10D2619B2AFB01A4C15244EB412CE3E4FE6532085ADB2961521AE932FF575763F241C0F04D192A0DD5549019B9181CD5CDE090484CAB35AA2C44E8AC214C3C0A59AAE2CA443752C610E8B6BE1CDE5600A5ADD8A80A11CE321840F04EF23ECEACE54F53AA32421C5F1A181ED3F05B11204CEFB05D15E95D1E965D031A3938B7,
5C3B3832EB1D215BDB5D9EB349E04C9AEDCEEBF3C4BCE7604FC7F0BB006128E9E4D64F11E130F92A02BEBFE9B35E9A3A23D63D475029EBD3F612ED220D30B2FBD0D1C9E64EE1F1EEED669FFDA45529334FD5EA2BD30ED7B274E457B963412D45BEE301E019FBDB3C31CB53612FBB5CBE55C59F56054B33B7FFB6FCF8CD2401EC,
4A50333E664ECB51FFFAB02B02D8D72834D7FD4506DD4A45CB3B5F33270CAA15DB48FA0115076EE50C22C1030661BBC83EC3F8C356C7DCFD1D53192DA9683CC1DA2BE80965480BC26F00DBA9C9F2A7F4AB11EF0FA13F2B490D3622B9CA0E5F4CEA0AB9CA461E181344C6461FD75C503361CD1F4A1EF9CE131B38B4ADB3BCC75D,
EC622653BF22573F08471C3614B0E4C6230AC2583038A45CEB4D24ADD62262E74D434FFA68D6AFA30941DEE827392F58C8643BC2CCBD47E9195BBDDE13463857E6CEE55E422F9B1CD803E54761A5F74EB8F30B1A1B1E4363B917D9DB09D4FC5A981504620F2C4FA0BCC4229C1D4756F22A611261A3D406124C57DAF626BF4867,
F3FA68B90555E4BE25FBDB4FC73F0DBA4F07B1C245192B00E04DCBE92FD42D1FD3545A9B409BC5C045BA6A560117D44D37DBD7F90866241A42AF4AE0E6219C3055FB6902A05CC5320B51CE5DDB390900BDDBEBCD3CD23EB0571CFC024E0AFA58184C62A4B0DF65FA21209E28EDF63BB8C75F51643CFCA4091FD021FF38540E52,
1AEBFCC35F323BDFBAB332FD4533CF17E55FB7523508A0F64208A8A3504209290C0C66362624C7BBF7115AA5A9FAD04B622839200DCB63A5D1A23D3D244BF5D0E50924AF32552B9F270444FBE1454AFD6A1A37C9FDC24CF51864B2FCFD0965B44557112254F6A6D229B9306537480B292EF31A5F66ADA63B44F43C08DDD4FAD0,
66B2CA94D0C80201435643DA0EDBABA3ACC85A1C2B19A7392ABFEC1A27D02441FC0AD5ABD7DC18D2F4F7AC30BA0F61C2671FD64929A7095F61E0A2D426DFE0D32EF6D26713565BA81DAFA1EC45CAF3F433D2EA1956509D6ABD1C3F0AA34B3FAF28A3B02EB0C8A7C7B4D4A9DCBB5741F6C1CD0C123331B4D1A75732D022EF181E,
2711F241BF5917D7580F55F2249BB7E2D5CD5DE2BFBE0C30B628392A5E5C1DFA13E737A6175158B7F7F9CEBBC2CBB5B50A511215BF35BA15CED6B153432E404CA359EDC7E5512AF1F01FE5EB099A28C7B9440F4FFD5CC0DCB5FC49AB45A047A32F5B21BFD01C163F0F3F47EC2BDAD0A8692CC5AD384055D5A3FBD53D6501BFCD,
4805BD7022C54F172CE8DE01A612DB3DEB4F1153CE2A41C4D100100AB4C60DF6593FF051A81F1635F8ABEC0FFFBD5D20B6202CF9D0B4D76434F3C14FB560D5495958353F18BD3BFE54274DA967A266D724CDBD5A0126C2CADEFF5AD2E41D563BD1480DDECF13258CC24AE62E61D9A1621A1CF606E450F717FCDD022E125663F1,
15D7A7E34D654FC2C5D4EFAEAD18B74D0EEDAEFFABBBB61407DDB031603D4FCE5905104048BB0FE0D2E5F6F1C0FFD4F9D619F326FCCC56BDF52C979E26294E3B9CCD11C0672A26A5B814D0ECE520A117EC2CA75BFD9A40BCF7B9A2BAC8D6DD44A8C73A653A17423444E4A224EDF0633627C1B04EB866D052CAED37281EACD3CB,
47EB3F1A311F4FAAEB53E5DF2900C59E021F32160E53A912D836F0192E51F337E14FBF065E42C630BFADAAF657A7E0A70933AEE86ABE1D62CF3B0E10494CB0B1265D2AC1B9162D1A74ADE4CCF1EA1CCC21575CA325ABCDDFB2E5367459E916CCF700DA544713ECC020F4566E4DFDABF2A953DB1EE82810EB35D66721BEC056F0,
6158D9F3CCBBF9EBD44F16471F05C8DD5EE0DE275DD31561FAE9B4070ED525EC55CAFC0818C938C9D043A7164CBF0E67EBBC05593702C4264821383512B16954FFB72EBDCF3137C89EC5C5F3CBE4EFAAFF9FB0E6C24AB2AA2F222B37164218BF2A6445C99DD3EADBFD4AC7FFFC453DCCF8624719A02BE3E757C7CB43DE48F749,
1148BE6BF1FD1E0FAA4910F3464550F6D020D60BD6622BADDCF6AD0849CCFD2BC409FCC355AEBF5AA7DC30A4AE3055B632FE363D0FA500E6F6252522BAD4D9D72B4225613C5213DDF1EB5D67C12DB8B04E1A9CFCF612CE3FFB28B8DF043B3B25D5BC085251B239443F4741BD17D22933EB59200452B328B9A7B530A7E0FC27FC,
F368CDFE9BFF5A30052A2851D740F49924A317FBCC35A707C8D46332B30B3D9E2E4203A8B851C820CC32479E5EB867D52A22D307111FE4FEE50F10A6D51939CD14683A56AAE26542434CC7B6C8FD16445FD451EF4DABDEC1DC269CCCFF555038CFB813D4A7BE3B211CE25056D638F21CFC31C90DE9C7B6A71E20DEA2E0FCBA45,
CE00D1D361B8B5AA150B41D12941B5F33A2B4844DEDABCB2F5C8313F132E3A100ADD07B14101219E59F9B7AC3DEB0E4B21F7281F3C23C51A09BDEA01E52B2B24A46447D625E0F72E4FC5E4AD423DC7F5BCD6EA3D224440B5D4E941EE15D9D0E5DF0D21C0A2B9FA2DE0A8ABDBD74D099C424150E759064D18AA1FF1066902CBCA,
4A644F684A30C557ABB64E4120C712D6E82FAD494DB958BCA5D4EA3132F2C047562D63B8664D4B50E4E1432FBC0CA5BBC9BF505CD9AFA5BE2807F25B43942B443DF72D1B4C4DF71ECCB8A6C2A9580C18354334B24458C3DDB7585C4D1B3146251A39C66146B921C941FB3AACB6DAC7401EE19B03DD572B9F47E507A1340301C1,
60570FB447E417340FE12F2C5FEEB61DFED8159DA7CFCCC5491E18405061B849A342113A3FF3F5D8B5EFE9D81652B6561DCCDB320DF755DCA145F8E5C55B593346411CDA3E6C6028E2C22C253121E40E3C0A0A46220FC5C4610F2AEEC2C45233B1282729BA2DA49D08AFFFD435093340D9A7D6B3C00EEC371B5128F1A94D0CF8,
E4F6FEEBA958296014453E4F4135EC3AD4F517DEE036CC4E5632441DF11DF9040AEEDC52404744E3A320334AAC5EA30E64C0E141E8B0FC35EF6502EFEB44E31DE548BD65C834FF104FD3D3AFD457A4B6E0FF03FD13293AD70527FBE030DC9FA35B5E9D0804E23B330833D51B301BECB42FDBA766E253C149F5302DDEBD9C41DF,
1EDF255740D4F827EA644DA3F73B42AC4FA000A7A6195EA5302DB9E2626445102AC2286B22AB2704461D52C90A089B444C041BB0AD4C6114CC0EFDF50E4318E734DF04DDB35BEF4F19D65829C904520A23C1F4E9FEFF33FAD3D73FFDBDA842E91740673EB2D150E9F7C402DCFFB3EFCCE1C2294CF7E9079C099E3D403CB814A0,
096B12620D0CC0411303B260BEA42E9E07BA05F7294E14B91201EDA3B85A5556F662ABD7B009AD44AA14C858DF382BEA605154F7A25A641815D460E403BD9DA400A9053EF3044BF3355BC8F741FA04D727B7CF3D3C4BC9A6D6E555394DFBC72E3C45D6504515B9470E0E11C6661103E356AD57DB1B15DFFA22ADBD23EC32F014,
C2D1614E11B437B45F5D4E3359024AAEB8FAA9634EC9EE23BAAF405AECF0C1C412B38FA9D9573860683310C61B4831EDF8BF61B00A4DA7D79CF7204B614E2CB32DF00022CF4941BE0C20BC2A0E32C3B3D6AEFD35E7F6CE16CEC01BE31EF631F8202EED475D2210C0C439FC5A3FCCF64A096449184B652ADA524DDCFCAFAFAB21,
B8CD0FC70DA469A6E917B7EA1843AC01B1D71359C54D2D6600DAF042ADF714F63AFBEB3DA25C0C97A74EA735D1B3EDF935211FD7E2B3CBCA3563B31859E6AAA8C6FD1511FACDD62018C425F7A66329F2CC095C635D08E22A2B38A5572DE55041F9A727C6C8253E00BFC637E04FE6D236B21024ECA1D954F102A4121CE6553324,
CBFBD94B313A08C3F8F23A63C44F62E7D435C4392866D6F42F662ECDD4A2ADB55BF23533AF05DB105EAF4E073B46DA9FDDC354D16AADBD5DF248A44041A552C44A4BDC1B08A1C86162C5E318362704EB4326B9BA3352444CACFF1919D6643BBC0DDF61C3B04CC9F91AA96B415AD300D8EF9FA1A2FEFE07DEB60B2CA23BD1C908,
162EB62229FA644F176306DECF09324A07E40362EFE7F504A7F02DFCA7C41FE713EFDC046441B66A5E54DBF5AE9E20EFD4610847F4AE035543ABAA102FE7B6F2FA53354BAA5DB0E4AF645B27034C53E35DEA0CAB59B0B3DD1914AB62E3393BD6BE4BD6B3F5FBBC2F41E4DDB2C735A1AEACDEAFB2BA0935A62512B0C5A43EF9F4,
6B51E7A55E406245104A2B52B005F22DC6BF23C6CCBCDD09F7E5CB39F339ACFADC50943468FB38DCAE1E552EE208A9544DFBCFEB00B5EE05A83242261BE53C352029362CC0FCCEE72E34CDB0B5A6A835F669EBCE5F43EA34BAF4CC5FD644C2F3E505A14024F5BAB14BBABC5441062DF3E8E0C5581ED6D82F2920A5F20DD53862,
1EE7591342E611F633E12D9F2CA6EC1C4CE5F2C444C830BA2AC4DDCF46F64F1E57E2421561CFED00B953C626CFDC1012F9F0FCE35FFF543F671E1F61C3AD1A69C0AC61DEEC661A652FA9232FDDBE62301C99AAEABCB1FBF8D9AF430EF132E4E3224357E5F9B0054F3715C4C84FADDFFED7A926C8D60B2640A40329FD1238CEB3,
1A04E2EF4D54E4C209480DCFAD670ED5BE9AB021EA1C48AF0FA6594BF25A421A0CAE385769B303AE40C8AACEDD084320FF1B42EEC1E4C9CF3A08BFC0D86C4324F4663DEC41DBB84CB13219DD33682DC364D80DFF1ACFCAF9E31C1C5DCE210E515A28ED24502DE9B9B646CEC11466B3AF28F34C645706DA5DD9DEA7B3B1FB1353,
23CBE33F2C356104AABED4C80E6B4E14664923491EB73CB602613AB327BB37E9DA369BCB5A2FD2369B4B26BE6B6253631F0C02B1AC57EA28129EBA0FDD042355443546D762A2B1F965D9D3EBDF511C60E7EAF73FE758E406D7BD6812CDEF3A42E04F03A545A3A9CA3AD54AD65639F121C902B63364BCA3EDF3DD501A065802CC,
053F45F5A3B2D9C008C237AE28AC08D3CC272DC86643D41D35B05FCDA54901EE41EA182D421DB7D5DBF2E4A6FA4E17450C9BBEC759B30E31A66B3B62D0C3F11BA357AD56B10BA7ACFB5507B6C5033E392D2C11E31CFA2AB40D3BFF37A9AFF3BDFF08D8CA221BB1A25D051933280AA13256B431E8AD36FE36BA38A132DEC7C20A,
AFEF0FA5F707C02F2F430765252925BEF0E8F8445A104DFB39BC5A34570CF707AC3C512328D1ECE8F2A9D0660BB406FF3BFCA10AC6E7DD3826E40802DFFBEFE938DD2E0C0CDB2058A40A18FB3936A7F0511664B9C2FBC568DCC9FE00EB1BA4A639BE24A4D8BF0BFD29A33A2D2752E6C6335AA8B949F840EC9E571EF2BB3F29CC,
EEDC1EC52C5604F9CC4A4CC4A120D5E65F600BC42E2A310FB0E645A4EF0AADB6C94D56C8CC2FC1A94A2103F0C5C3453858E8A9232AF1ACCFAB33ACA506BDCF34D1DA18DFC015FBDD363EC2F5385E9F5421B269DCE9C23DE650B14EB41ACC511C4EFECCD410CFB8045638CDE63127D44B512A08FC12BBC3ED4A2B399EF7F65BBB,
C4DF59136A4ABB5BF75042DDAEA9A9B1B5EA2948A4DE3A0618F6314329664DB9DEAE1F641EC9D52414A7612F36D52662E4CEDF3D44085255B8CDFAE8C5602B319CE2EB5EDF25002DABE2302635D8F9FAFD583CE2FFC2DDC6E7EED5DC436218D416F426FB653E284516D0B5F30FBEBA001720A0C6F348E0D9DC300CE340BA3641,
5450696C3D22D7B63F5B56074751CD4860484E2271D7CA08334955B20BCED5EADF56FBB40924DCFC41DB252608D85DDFA33158ABB548D7EC064FBAABB9AAE7E5100E5D56FA221DBD1FE2A555CA092A6224C5CF573542E69EC73E06A23B46A7F909419CB8A2EF39554C62305CE31836F2FB5E490199A81B60B6333EF8A93E4DB2,
DFA521CE32500C5E2C0AE3B2639C51561A1166EEE2FED5BE5D403F26E40DE224A0361BB41DE5EFC10212E6C59A6A064A61FEC5519CB44FC90237010DA04BD050C80815E75668BCBED5C4005ECF41F5FF6D0E0A0D1822F22B3B0CE0C0350FA729FC2D90E558DC422E5EE7A0B145D501A20CA34DE14151C1CC372C4962F8D4BE4B,
595A2720A3C0EAA92E5DE3A1DFDE9DA900BC6226BCC008F60C3B36CD51975829C0CB18280BA92509EA102C460F103065F84A4911C1384D6DDFF4DDA00176E6ECE2C3C0603A4428C024BF5E33C9E6DC5112A65334F6C5A3FBC042AA552FBD3A1FF817041DCAA03139C45F0EB9EDF0245BA2F1DCED55D0B31EBEE914601CB6E921,
5AF0291F22EEEC00DE600BE604B7ACC537C0EDCFA2550D5FE3A5B8A6010820E5D9F8072C1A06B35D31562B167BF6A95C51D49B5357AD573AEE5EB445AD1438B53727B616D4AAF135211DC3F149110C003416C6415BFC3FA5070E15B0A56046ADC8D365D6CC0214C90A13B5593BFAB0E365E62024571C39BD5209D6C811330F3A,
514B5B75F9C7A74DAE29E1C2F629AE16A31FE4B4270DBDE152C66D5F0C3218D54CDBB405024CDAFE59B2A9D3462DEBE3F9035810BA2BF05933D2D4C1FAB8CEED4BB7A905D7F5FC424AAAD0F83C5BB73942CA17AEADD43EAA46B4D1C1E60DDD1EEC32E8F2B5BF5BA722F8B6AF07E8A52FCB07F9050E0CE3E30363D6EEF6D4C159,
FED8434BF6164F4704C813F25FCA22D1A2FDFB3FFE38BE644B0F14F850AF133F54C9E3F4FC193BF8F2E6B13E3D1A5F5DBAC71B400631B9CF17DCE45FB4D5413456E4C6A7E81B9FBB33CDD44646BABBB6D828FD5E5DF0BA21BB4BD423D0AAE5FBD2BDE9652D3FB61A1B3FF345491B36BE0716FF37B1DB59C15C0F45D7F958CC63,
4A5A02E9390451C23DFE42A232B2083142B0DAD8BFB4C2A93D060ED5104B30E0104115CF4D2094AC1CC8F52D19FC50B424CA22B4492C3E1E45140D184A2BA01603B2F6175657E814E5F81D35E5EAE60A32CC39AE21589EEACA33423FA6A332BCEBE6EF523123AFE3170BEBB2362113194E57BEA619450D1E9F102856B7A5E65C,
EA1DE01D3768F95F59EB442D01D621F15CECE3B159AF0B4CCBF0A6443F314DAD32C64B0CEE293A43DF4A06D44BCFA7A01AE15E181D4DA0E5AF40FB1031B960FEAC210917D5B849DF4C0724BD08A0C96713A2033153EC3038D3F152E2365DAAA8F6F7634408AD42B5A5A7652E4CC6C51303F0AA49D127B1CDD6D8CFD2A959ED0E,
B1DDCDDC18D52BCA22A4FF18DFB741A15165BCF0BFFECB4CFFEC4BB3C74AA41500AC2AD9023669260BEAA3A1BC300CB03E3026DD2ED3B6079FBB1AE141B336F6D5AF17189409A768A0FFF931C1590225079FEF32E19C36ACE9A0F3FD1D25F950F63C0F6FF204203515530E02C901463BA41D424F24EADA37601C39C8BDBC37C1,
FDE1576323D2C8070637C7FF11A523FDD50637004737B7055757FF11B2623FD24D3DF91641AD4D07AA12A0499A4EE4E63D5611F7D6556921F9C30822C1150C2D142039B8F3640AECCEF0594326414D5CC45350010CDDF26161B1D3F23DBC2E2B0AD242BAF70E0800A0B100AA4034402B57B71FD12112B5DF28C9555CEE64E3C0,
6DD62A234404E9362342DB620D30470D4A1156C1BF3304FBA107B332E8CFC4FDBD43E04BAA4CA6DF0C5C68ADD9C72564262F0C2D43ACAFD32F6EFB3B2AAF1CE4C5AC3DD5F8179FCFA216662D2B5A41A6580E680DE4B3D056BD1BC328531C274C45010ABAADA245C7D36713FE50F7AEB4CE2FD864B751B6E6FC5D384753311A47,
5E2953BFC51ECBE224679F3A2B0807A40ACD544D59FBFA3BB115050ACD05B3179C171EDDD714C5593223BCF0BB5BF84EE66D9DE0292C17D9A0C339E3A9396A62FFF54064B40244E0E206FBC45F2ED941644125BE4220C5BF07ED110CD1A4FC09013B22BC0F16D32CCC02DE1A2FCE640606EFC5CD62EEABA954E3CC303C49A7C8,
C41EDD1C0CBEDA1C29DDF64527C3060DA8FD2218271C2EE9E4D1EDB95AAE1A441545E11D0AD3F30E20A70008B4EEE4A9D5BCC964AFC751C3502BE3249F12D1BACD5FCDB23F56ACAFFA021C524F4048E44557BA1C4DCAC0ECB25D47BADE546039F4DF3F27E7225EA0414BE1EAA3D6442AACD75C2AA32EDE39509FDADAEE51B2C9,
10F4DBF9B1D0B301071713DD104130A05F32A6CFBE1DED18CBE8455BF415F9D2CBF7B127E7E91A27DD532F23CEE82C0825012BDF13A35BD443535F3FB163ECEA5B59554926FD655222FA2315EE17D30A0C37C4E5281EF43847E2BCB1A1550EB0974AC606520600F12E4EBE0865372BA32B0F42D9A019B642F2EDFADB54300ADB,
499FBA9BF3B1BDBF11DEF5E2AA335DE6504E06BF4EEEFED563A313DEC34B1203D0E2E23BCDC365EEABA729D70EFCF5F03BE4ABA6194BBD50AFF8FAC229B09D473243A9F74A32574BDCE4E61DFAFBC80C41FE442FDA1F345CBF1639C73AF50A2AE5D4AC5631A3D8640A1DEF1850085AE85E4BB1A566BDF43042183911C50F4EB8,
C90105AC0F0EDCCEAEAF22185CDAC80AC5C259574315E26218A05349B3AAFF3BBB15F4D3BE34C4672725BB1366E822F3B40BFDE7FBCFA7D8BA610CD0C7A140D73C1A081019A8D0DBB2EB9FAF44A820EDFD600255513EC355E0E038FBAEDECA3DB0C73048234B9C6DB19C16B82CF6CBD022ADBBB6DD010757B5ECC95F2EFEF743,
17AADDE13956A7230D07353DE453434538A79E525FBCA317C2D0B16238495358F1A55AFD5B4D0F484B283953FEA500D20DEC2C3CCF1F0032DFDE08C246E8CE1CE012B54655135D022165F2D2F7C8AC2657B023FAB0504CFC64EB40BBABBCD4B95463602E5746EED03425BA1DE0EFD00F02F752D83119B95F164537230432C851,
11A2BD35613DC42BB4A0E6B0FB6B320D4EAAFEFBF6BC091053DE20CF05275E1D0FF1943DAE50C01CC6A53A242DF933F41051DAB23DFCD84A641CFEDDDF5A22D49EDAAD38AE4E43E2D9C911F161FCD9B7DB26EC4D3C2F28FE0E5EE40FCDC4CC22E0F8F035E2F3622EBE29FFA82CB7D5FC44AF0929F1D7BE5AD313002E5017EF3C,
19B105CEDAD832D9F6B8F1A318181461232F4902B739C0F20116543F53FF4DB039DDB526B3BDF0E910C71929243ACA15A73027FEE6461FE2FDD9DA2D521BC8BAA8C59EED43AD29C44C1137283E4DECC9A256D20C35FA630414414BADB3E7F79DBE11975FDCC41BFA9D592537BD1652EC5709B8D5574A21B69544653AB8B74AB5,
27B504D55F2BE02CC3BFF21AF409B1B9E93DAE2BF65C60C021EAEED009E2C2EE2FA2452CD2B8B55AA94F6A5227F7B0240B0C2EB8CF454A399D4DCE55CCDFCD2737C3F1A625C71EF46AEF52E44FB5A0B53C31DE51120BB0E8C1FAF20821D3F5A8D5F052FB21E540383ED239F9B912B2D917EE5F0F5E55C1EDC935CB422B3F3009,
1CB3AB56BE49CE0719502CD4B6CC15253650B843B7E61054093D4418C3C442182E4A15DBEFBB510C51105E3C080D1B322306F738E72318E2F8CEA49B3830F81FFC2FD042AB0298C6495C2BF8C8CCBBEBE82DD7E92EB64F584DEE02E00417F844CC1EEF58E3B703CC6C0E15AFCEDEB1DE35FBB7EECB2954AA5F390B2AEBA4D712,
BBB030093A1CEE5CE847EC01C3E4BE23B14C005E4FE5153544FA57DE603DDB0D29CA3509F7C0CC4410A0458E4232FB363EA6632038BCFD2433A3FBCD0A6139285CD1E03C0944ACD61AAA05C045E236E4CC23140AE79DB024C1670AE90F6AA5E25DB2C8F5F1E19FF60C5B5C46B2CCA2405857580C0BB2BFC79D1EC1E835ABF510,
1DA35CFFFFE711F8610938EFD106EA2A244AF1E4F739EBB0BD3B614BA52F04D7A35566B8E6C8FFF6E44A59F4A9D84B5AE9A7F23F0FBFFAFAEB13CD609ED513C6DB013AB84BB029BEB0662C2B5F4B58DEB8BDB0C40CB6C3B2A8A2ACF225D645A8A7D506AA5A5900C8B10BC9AA2B0A16235DE2CB005FB432621AC86964D2405ED5,
315945A76AE0F0AF2F164B58EABE304AE20FE45FC30623BA14100E064D410E2D513A1D3F1834185A57D0226A1DECF6DEB5604E0E2B380B0FE0EF9FF7403CF6A6B2AF6550ADDB0B1ECEE927D6C5EFA766EFEDB40B114240492D0914C55DAB000DD809D1CED40F645CA263413DF407319EDACBDE5EB131DFDC04F8EEA0EDC3B05F,
6068C8F0271F0432BBE66115F300C4074B2C18E543604B68D6AF0D30C4291ADB505D052E06ECA3A6D12360531CE7CCF2A7EA5416C60B1900365F9833336922DED85E12D907665134F01AA23D1517360F021C3815174D39246B6B5E915AB5F22AE01CCE281145CF14B2E6B622B5DD0A0C2CFEB3FEE93AFAA55DD2FE2EF71805CC,
BA3CC5DD1B5DDAE25CBB26105D50F0A925222ED534F0CEAC270B1AA9B82423ED5638999CB1AB0A33D8E1A925EFC4F55BA15158E555DF9DA60467C5FCB25E40C3473F590A6B451EB5E422B6CEC8CCE89DD72D4DBC99E5CC23B23020BAFC4CE3339B5CA2C0ACD2AF4A1F9FCDEC5FF09F534231F41DF8C824EB56CE4D3745DB04AC,
D2B422B13FA2015D47A436DBDCA3EAD4F914A1AE435FCECCE137B918ABB6350F241B3B1F4AEE25F0D4D99EFE993162D7FE2AC2A22C5A152F4409024D06E7A466E8A44F0D4D06EB0CF94A305A0AB33C04CD47193C51CA1332CFB64E6DADA30526CC3C1A31D026BA5E40B065E5B1A1FF9F503AE53F0349FF05AE550E42D40AC1F6,
1F25AB28C21903AF4CD240F2A82B70B6DD46B751D0B2DFD0EDE94ACCB60A27E5B8AED00D07073000665C5974CC3343EBA33ADAB1DF0311B31BF4572FBA00B827D0CBBE034319615350D399A5D91348B628B456595BBC163E0705572B4442BB300736FBE1CAADF0D71DF936C5AAB0D7C32C1AFEC6DAC1E0B51352C221C9DC39B3,
41F748FFBD02F6DFE315664CC6B5F32C18DD19EBE94805ECF9E018C1DBFAE6E6D34A3E49B09D3BCBECA72C69DA2647D83946B63939D51245CFA3E1263FF102D155EC47BBA44102050DCB29D2F256F568E6EFC9B72305D1205B3054AEE6DEA7D4F5EBA805603FC12745D0BBF8581C0CF10D441B3EA85F5204F51CFC32A9B312F4,
2ACB1A9EF900F0B7D2B3C145F92CDE154FA7A2052B26A3A2B8FBA91D18D5FF4725EEC6EB53DDFE35C4A85EF0E5B247BAA33D2D27D5C3FC514D54641142EFD4FDE05B566A67FD5344BDB85D01E2589E0EA2CB0EC5BC4AA00E5255F05F1C179E42CC3EE000D91BD5F562BB08C2AC3CD9E3311432F8A9E319654D3704C8E218CFCF,
40BBC3C2DEBF45FBBAFBE72DAB171E344EA5E01B41CC1E420BF6E52DF7E9A65737D02CFA3D3DC9506252EBEA904E4E5E3A5A4863C7FFBA5B4F57EA4C452158315667A9CCA9FC49DB555D183C0ED748473438B60D631BD2FB5426FD3D51D4F4E01BC02232FDD0AB3723DDCCA2ECF35B40AD1F30D00EA3D8AFE0FE260D15D5A4A0,
D7EE130169F21D384BC029B6031F5BACAEDA1D40CCD809CF38F34D11F81DA0B256B858D166F5295DF908D634BB3D3843BCE5D90830DF5C6ACBFB50612FEC51F35CC7FBD7C9D33CECE0EC5EAB192707F8E621EFDDF5BCCD9DDC0C6E61A1D8F963FF50F83DBED6D6EAB92D60EB65F90F28E04F53AE4F08D733F808D1294E27D039,
65141EBFED2121F93BF9142F3B5E2EE4ACC558244BA4C3DCBFCC58E62AF5D4EE12C7DB68B8B2CDB0EFFA692FED54EFD83DC551EAD0A7F5FCFDF733C4CA1B395F9DFFC30B9F5B42584CEDBE656357BE27B0F528B7D5F7AE04AD003FC649D8C7AAFCEDD93547E60B61B89E11ECE854CABF163D22520D2563085215D920C5FD3044,
D31631A2E940CD2025DC0EBE24ABD352C4D647DDFEBFA8DF1D351C9FE0322EB44DDA5CECA4FCB3E4C9295390C3512B265A59F572B61839C66624AE17CA4C0FCFF932F4C018360CA102B8CBEDADF1E527C3B5D2DE6004ADAC0815D345BA232FD924C5E1294B2DE9C2563730210207C21B000AF8F6E461CFF36B10E005B5B23A49,
D6B4BEA7F7E75E6231C2A6D6A213DD0C4639D8F14E9FD7CB1CC1AD473A4D0A5FAD17E61C4427D3FEE3A6BBEF391804DCC3EC42054B526069F915EFBB06A42DE8AAFC284D0D0BB2AF07D84CF25DEA26FED563302D9B22562F3FA75117F8D8FFE15536CD574B56521610531665A3EF243618344C133A1B490E9A011C686B38C9C7,
4DD9C92608251DCEA30DFED9C431F7E0302BA7EF030019B50C4DAA1FBF3351A5275923345FBA2F51A2652B2944340221C024B7AC37062CD90506CB0B155031CB634721B6545759C956F738222AEAF119EE2AE2CFDE5ACA39215919654F511AF6C5A1E7C9B64BB213AAA54EA8DD31C90FC25CDB4D3C082DFB196310C417225D24,
A3A923A8BFA4C62AEF5B1FCE180FDF45EC4B5860E61820AD1D31B406010033F5CC17DBF12ACB5F5E9EEEB64306152A54AC2DACB262EA5B4AA459BECC53439AB6C741E41FE2CFF511E2A446E3E54A66A6A2B7A8B12231DF13DC49FBEEE8CF641147C6E3B353CB2244F09EABC3A9B3565905E9335CFAB1CAFF043EE8A13ABDC62F,
4738CB17E90AE616E440596816121FC6AB48CC0D3CD3283BA10C064AB926BD19A720DCF3C72B1F415FB453B46DBAB2E128BCBD36B2A9F356F8D041080666D2CBD0DBEC1FF24455C2C7C31BDD0AEAFAF14DC335DECB2B4F46D9D1C3CDE9EFF3AE972CE2DEB3119F33CB4A56C2F7C3C1BA1ACAE3E0CC5A65E3581BB4F5F009E8E7,
D29A5F05BFA86DE2FDB8414EAEF4AA103854F51F13FDAE3F9C17E2060EB7CEDEB30BDD1EEACCEDCEC7A91AAC0815B3B9B6F361103E23CA61A7F117EAB4A5646CC3C1F3BE5DFBA858A4FB612DF048BDADE4E9D917DFE2B455A9A1ED5E4132E20230C4BB0FF04E396456E8E0021C34C29BF2BF9F053EFCBF1FB6C10ED047A1E0F9,
09FF2DF1FEEB200066B9CF0135C7169E0749D8031DA6C34DFDE6DF19B7CEFC450AC9BF0F23C63C21EE2F57CF2CA8EAE0060DEEC32B49CA2D3FD82DD23BEF17DC14E42251615BE52EF736A7CB30ACA25CF6C405B69C5D27DBAC4B462833A3C49F14DE48C153161B434E10C8202950FCA468EAE1F6562E4444A0132D5A464A64B4,
C1E722055FF3B125EACAB8E44BECB3124808E36329F7215C62FA096111EFFB23C70BDBBBEF05455C6041A309A5F043EFB3C6AE49D7EEA05FD32EC8BE09A72704C406562361E8E7ED2DC1A22718FB5C5F1801261F2CB1EE45E3B63FCD1BE0AAEDA3BCF71AF13225EA4519684502B83A47B33E2FE812214CAE38EEA437FB36B2A9,
4EB8E2015C5EA30B03E43DD44AC10DE5014DD1ACCFA7BC3103CDC5A9C55BFFFFC2466118AA4CCEC6FBDA595F492B1750C2F2126E6012A8EDA3FBC52DE9A54529B1CEC5A5210A5F33A42F2B582502D31DD2E8DABA06C04CA622A80042EC3EB9E45364ADE705CC375E4DC1C4EAF5DDDDA1280D0829F45D010E64150A01E6C1DA3C,
44DB5719BB34660042C3495D0565C63A3839023CCC121C4605BC4D2A510EB340CBE0EEF358ADD0201725CF57EFB654D0B7641CF7B336A832A2F0FE4AABFA6CC4F1FA605FB3036016451215143E2CC8F409A6ACAE2EAB4669EC000BAA5DD95816B71CADDCF1EF0A4EAEDCDCB8449FDDCF5EB52B39424912BB1214F5C8BFED0732,
161863AF42DBDCEC3A1E55F9130909A24C0A1EF70752DBB81CD1DF6864A943FAE2412DECDAA6AD03FEAFAB15592FFF25ED45C2EAA91634CA5616A748E9DF5517B73F5C47F423F1CE020FCAD6B61F37C3B4CFBF1E4CB6F65A49C90DAEB9DBCA12A31EF544B8171DD740D9CB1040FFDABA023F01A3F734A0C3505845E9513EB29F,
C3FE03E2F61AB4FB4B1D4A170004BB5B9EBFA7D15A2C51482C51C421C0E52DEC15BF103529E9E8160632D1F15E145C2D5CD922FE9E33B3AF9D18F8E222050E2719D5C1E1D89BB4371FD7C950E22242A9E0C9CAF13CEBFB124909341F28ED22BCB426E4304C2D3898E80B005617D5CCEC13D140A6A2BE34074C249EAE2019EE51,
5DBCB7145B13F215D32FBC21D2D35E4A02D83CF60C45B5A39EBF0A3EE248E653CF22294BA7F0B602BFB2626A183CCA58FBFA4CA924B11DF8F1A62AD0A65338BA3726E536C7A84E52E153CF16EC1531BB1CC0CEA46C2C0EA4F108CEDE59C022E2372359E9F166BCDCCDA2F73DAF30453644D90856B8F1AB1A68EC4706EA673FAA,
21AEF410D2A9EDE1464962C03BF42A479DDC2F66131BD727BB3817A127ECB0C5A9B5E1EBB801C25DBD39213B07A6B3C437483342A9C14B65B25516F6B2586A4CFDBD0602F5F1F54DDECD1F2D54E7105306B4F612DE151FFEB8D4AEDA3AAB01EF4EF326ACF35FB20BBC55ECF79FD928F54B55320D046339AEA2AE02514D4DDE2D,
AAC4F3B2570321F866D70E4FF3340BF4A7AD06BD49D713A721B19F02013B12A5BA04FEB6144653D9FC1421FF23C6114A2CB1BDA9AC1CAC551658272049FD0E6334D538D14E14FEFB681739D250BACA4A24009B26FA384C441222F02F6602580EAC55B845C706EF1ED3B6A7534A5453D66060FF4A3AB755C3901512F1ABA5F138,
09B2393AB5D13C4EFFE73C9DA52E3B46DB04E9E4F8AEE405AD2EE34D11CB56D913559E5F25BA253A9E5608CFAD3ADE4FFB4F18019FD7E412D99EAD63552D0A2AF72A5C142A56E106ECC260153E2A026AADD936F1A6D8E2A7D0E96445D2A50D1945B2F81CAE625E4FF643483E53F71B15BBCF0FD7BAC1ABCF6645B1FFA99AF0EB,
2CBCFAC6A140FB310FD24EE3CF0BF3AE56BF1E2FA0BDC0B53CC6E335FB42E840CB281EB5B7C3994357E11C56D7E150B05039562AB9BCFE63D83B48AC20D614395BB3ABBFB456DA5BA2CFD150BADAA9FB579EB2C1DDB632EC55061F4CDAEBB8BE25E26B550EC6BCE524DB6A2AFA634CDCA5360C019BC4125DC91FA425C76455AC,
BB46C497CBF9DF62AB539E122BF8E7AB603C1D0B45C331E3C8A02C4451ACFD1D26F2C2A517E6512C2CEEB66AEB3746131023C12A111E6068FB5608EACF1C0A604AC907C73826150D30A86032670ADAA5594BEF02B7D5092BF31898FFE6E553B6DEDD430FB451C70F9BE805B3D3B01EF015FB10DBFD5D05550D21FDD04F13B60E,
0C58203FC5CABF32F81E21B5181756B2E45D2AEFE2E1E7C06350A8EFD3ED2FB01218DF6B254B0539012325E343FBBFE2199950EBFAB1634512122AB49B6302EC2F4AACF6170A3736B1CFE6DE42B760ED2A68CCEA63E94ED1AFFB37DF5E18CEB211BE4D35D4BE1CE4BEEFAEB4515AED47ADF1CF411A19E1E21AC9C4C302CFB151,
FDD2F860E5445E4EF6DBCAFC0B320AEFE1B3B29E322AC86467BA4DF92DBF5F122045A9C625E6524DB3CEFABF39BA1C25EB97B1AE1A4720D43618ADC8450AC13B51C249F6213CF208A9DAB928683E5C53EFDAAFC51160F5B93CC951FA1CFC2D9BF4204A2ABC6003DCA89DDAC21556CAE0D93CE8B7DF46D9135CA4022569B918C3,
041C16F5435FD769EB42D9610B654B9FF8E4A06113CB2A41CDCB36A358FE63C2280DCB16066014593949A5CD23222B68EB57C740134FCAF5E2B40065C634F83ACAE500DB30C628A43C4FE3151FB820CDD840D1F5CB17041BCEFD1199BF371FE1056345C8C1F1ADCEDEBC3531A5152FF868C122A036EABCF4B459374FFEE2FAB1,
974954A2E52350AEF535AD30F41C4C086425435CDE096CCF12282516521E4ADA220E58CF37D92726E52AC1170BF2EEDC5A7B545D41443BA24D2FFEA9DCD6B72B3AB334FD6FC69FE408BDE2434A55CDE8A438CD41FA2B4B096455C01F45A3B75896CE2DBD35E538DC410931BA48C1FDAE3EF1D4DDC14BED524B38DF45465ED306,
C12B116526B15BE259E3B3CA19AFFCF2BD4F9E3BA8DD20E4553E5CBDFDB0CE6501155B363D09DA4D611EC7B89B44BC5160A1F0C1F304E6263126EBA41B5BC24CD00CE503D226A1C8E3B72603485A6243EB11A84B1DE431321FADDB61A851C15BBAED9DC2E60606E4C7E717CD3450F4AA48261FA2D7614F55ED5E61475C0439C7,
22C1A81722DAABBFCB1600CD39F13A4F054F64BF5153C053CF3CB45AAFC019C8DF4C48CFD3512869A2F469DE660B39FAD5C962D2E81063B23CA660BABED8C243D319A5F89F663CAE043A5DF21C3B22D80EB7536E074450DA1E92D3B4E71611D65C4BFFCF516554183A1E53BC4A2B59CDB5B83B69C756E52CF3091908DBEFFF04,
1BC6DA0731A7B009FECF53E2C3A0CBCD0D08F9C6D92E181752DE1857371FFE4E68C7D1CB49CBACDDEC29A4F34D5C5943C1153C3B5532082F18A84724461F2901BEE946405B08A1C42E4421B031A4E7163CBD1E211528E30AF43F3D0DD7A13F3C51D93050CBE365FCA851EA355D26AE55541708AFB0113E1A159DC8241B3B4CEF,
B4ED63EBBEBB134929C65AE9B3E503B93D20A05466574AEB0D0301D8A70838F9F7F9DE31A92C28F61CB753D611F6D55F3762C2F0F9B61EE7EA11F224AC0D0A26D117216968D4F51FDAF9103069052440BE1FC9134EF2CD4C4AF2A1520DA0D835C612BD32FF4CD49252C25FC11147D6D43EACC5680E5616BDFA03A0B0BB9F0FD5,
A8F3530FEC335B5B50D139F10FC2C201E557FAF2C6A0EAD42926B01517054254BA4D560DC40753CFDFA3562BB43DE7BB3964F1EECFF50E4528605A2AD0A405FFFB3C23125ADC3DC55E1F23ED61D19FF7D545CF00D5E424CD3C644C3D06F0EB04F429FCE4E0EFD5B437200437EECA5728ECFD2DF503375E010FA81CE2BBA5AC20,
DEBCD2B04FD34CF2252AC352F7E7D49A23B9BDF1C01AB116B111CF1859041406BCC1CAD6CE33330C9F0139F72B31143842BE2133A33756C2A540DFC84DE8EF412168AFE43F275AF1B4F3D95834453555C2B1C9E1573EB74E09A1B5F9DB365F012EF2B1435E0A2467F3153ED258F5363F09E6D2C91FE7A9F8E31846F9A4EA50D2,
22AD572760BDD64329E803B2ACB64CCA1CC6FCC24B65EFF5FDC650084F49212D28C60635EC23CF281AE7CFA6B3144EB3D64CBD110CA4D2F707D8D864B9282B25A13421FFDBDB9810243821F5DDE9B86152579F32A75F1D10A34BCFCDCD351F424C3A29B82F18C0BCAAC2FBAF0AD2A7F837B1C2E6B6BFBF2BB11BD4A7014D1A07,
56453227A5B6ADC2BC36F43B30B8DB1756EBB22CCD3443146A6FA34310EED3AA0B31C1E3B6F095F21B24CBE698B42015D9283158BA1001C2B7E00F0A5AEB67C2FA3532EA175D3404705CF2CEDAA43029F14C68E4C853FCEEC04AA95638BFFD37512DFD539E26C78DC960D1EC2CF5D44B1142DDD3AC5B4228211EAADE02DDD537,
22E33E23B0EEF8BE33ACE3CCB5B96A9FE4FAC440DFD0CC33E9CF5A3C5506E2545F100C21E4D93137AC45D66AB1F255CD0859CF4C1830D32F40B918452BC7BC682410F16BC3D10D23E15F9DA4D944A3F336A3A671CA0D4358BEE000B5E934D71512018F6561D82F269E5C2E1651BE0C0B0A30442268471C13A2A2D220F9BF0E4F,
AFDD4FA819A3B84BF50A012BBBB9BABA29AD5DBE36ADDFF1F813AD21271CD0C5DD2EA5A7E2B43EC507D94F12C3CA27392E4C2DE70C4EC3BAE625E860F6F2BE039E4954B39BAD67EF21ACA34C323126ED4C4E3F11111B362E9CD451B0D06109BA0A3EA52E20E6AB273942E70E1C314907DE24DF07E0C7E83CC4D9303728BE43C5,
2156600EC10EE711D35EA1B9B20FC040F1A71D432535081FB7F2ACFA2DEA00FD9FC1124BD22959F6AB48CF0050FA52463295DE179EA46266EA55514FC5264FB6C0BF1FE83906BF53AAB15A4E42234ACCFA5225C3DF02B5EDF3EEFD4C635641CD5A170B59D411F1F5BE23069CAAFDDAC4B90CD36A602AF3DDDE18A3BF60FEADE5,
574EBA5243E941B4FAA93A43BA0433EB1F2742C6FF43D8330AE6DE64551A262811ED3E1E2907C81F69AD31EBF3B6B0B4EF340C2ED82DAAC236B22BBCAB3DEFA631EE3D16B80CD96127B0142261E51EE922191701EDBA54AE102F1BF1B7A324ADACC70DC331C3A6F522FD3034E2A902E7D3BA0BB85242F4BFBD9EC2F75A68FEE1,
E3225021A03D28EBA9B246C1EE3F34D81F32C0E9CDC8AFFBF8FEE6DDFAB7F5D234060C0E24DD489B23233A1B9B9A9A1F05E42748B01FB1C39D57E62F4705DEF419003D536D070FED60CCD9ADDC5635B09F0F3F2BE5E503BA36F61606F1590BB742A7CF1E4AD91DCA5144B2710F4EC907E5441A3050F650D7E858D3DFA8D15164,
A9452CB005D1350BC6EDB9F3C461BEF2A33F5F2135D211A9CBBC4D5DB3CCE05A1ECE144CA7B0D12E9C2CCD4F6217400B30AF3AC4ADEAC1F3B16DF4611D5BE20DFE41B1D1F055EBF9FC59D14BB0D71E0C23A324EBB7F042F2ABF53D1E463C312B120537C1CF0733DC5125F9CCB8A2354A03B9ECF3FDFF4E45AA186141B5D72253,
F1FE42B557D9A3223A376854C525D0410EF7CA32CB1A6715A540002811412501AFBC09330E32D517BBE5070C16FBECF4D907BB9C3DFA3315CDD550CF0F5AAB1CC734DC04D8BCF61F2537D15DDB00B128AFCC40DE2028395519B3571AF405A026C6E5E1AA2DF2A52CA93DC022071F023EB3BF3711D8CA24D653213332C5C0D2FE,
592CC15CC0EAB54EB650A43F3DB00BB7E3F9EE1DBD5D52E73DCF06E7453C07AF46A75E96EA5532CE1E19C924D9A915F8CDACA9AC360951E1D317BCD3A3461863F43462E4F14CEF2F0DC6B9F8BA4AE0F51BBA3969DD9F39D103A2A4145F2AA9E1AB34485DBD1136AE4DF0B46547BD1A984930AABB23FB3A5CAEC852AA08330863,
BAE7B2C4B6C352DF4E20BE11472FBFEB3D03560567DEE9CF69CA61CD10E5F5D907AEDC29BDA1C7B351305DB81B2DA3AF0258D4592B405837FF2F4EAFCBA7AEF529A5CD280BF64C1CE0EF42FB25EFC71CB21E360F300E43D7FE7806D91A0ECAB205C419B2BAD2B1A5E4E1BEC90F4F5F05B3DD4FC5F3BAC11AB7DD11E0E2D6DB02,
3D4AEF5CEAB5F3CD13AE39473D69ADA5560759EEE30052445246E54DB0F139CCB32539472ED0B268C8070B5A434C060BE6FB1A52F047CBCEDE4D4AEBAB1AEF04F1360031E9D1572154DE585EB00151DD14E245D22348DEE1342B0FE5FAA1A3CB62C2B3CEE0015642F65AA6BE0B0DF94B47DBDE24B5EDFFF3D964A2C0DC0B6440,
DA5EEA2DB3D06366A7F413A41BE1C6F8D456E9450CA4CCE2D39953A1E3A5123A4409622B41B932FB9FD54F6A6567CE5B3E3BF3D9CF27A7E6E10DB164FCC3113138F7D3F73BEDD32CFCBB06522F65191DE798F7271DCBB6D642CF42E6DCEB1BC93816FF6BBE42A00640174154655B09D53E5C15C740C545412745D7B6E6C8193C,
ACB26915CC17B424043B2A3FBC2B36D20168B32ABA54DC572353E224E9FD5525EC5FB5A3FA22EA1954CDE5B9C829FBF22B53F521EEEDE52A1BC0BC429B02ACA5E2D1411110DB2131FCE6B4D00A1267CAD565A966ADD09C1E36BA62CC05A91B22C7056FCEB83EDCA722005026EAC26140F5B4D25D6B0C5455DE21652B554BFF41,
DFCC1E42B1B1DD0410D1B0ABDC08C09BB83FC3CFC564D9EEDF23FBFB51CCEEAA03C1B3BFBEFFCBD05D356BDEFCC3FCAFAEC1ED08AE1B3CCB1EF0F24FB7C1201218C6FD3C60FAA7D20951A3B0184EF82595DC36C341D4F564EF61D7B45923BD9E26E0A9FEC7164731F8FB03D924EF08035CE61BE91D1318633D01F7A9AA345F3B,
A4E6689CB4D0BF33EEAC1515D5B731F7BCA20BD2DF5063ACDB5832C82D472B0C2AA040F914BC11DAE4ABE2B26CD2070032AB631AB93C1157BA11585709EA1ABFFE203BC7E9C941B31C1DB1B863CE304B1CD0EE300E53592FC7B5DA2862B0FE57FFB2A4C4D147F5230FFE1D5D44E11929279BD7C33929C7B24B0A242D649EC0B3,
D5AD5B28CDC952E0EC04ECDF0E62D4071D9451645F3902F1D4ED1DDFEEDB37C4AC2AFED243D95CB10A5EA2B9159D27BB0413B4FA2A41361627C0E108BE5EB5FBA96761FD224FC0F4451ADEDF54295A61091100E000B069CFB5A5586270AB0F025CB4AB5E26151FCB163FDD38E9FB21BDD0313CB4C91D55F95CEDD645EC51FE3D,
4C45C8BEC337C1185063A5A5F4C9F9B6CBDDEDC0CEFFECF6E1F9E2FE5FF5BDB451E3BFB45FC7E941CA6AB14AADBA3817673A4A3B5C2BDD5427269D9F3436D614FB223BD610EBD0F60FD6B35D1FE526E9F7DB66BA3CD8EB3BB71D0A00B3C1D2B9BD5B534CD14BBE21BC4964E0515CB2DEFF68CED0FA0C1300CEAC6A9DCFD91DC6,
F109042A1468AF62AFE7C7115FBBF912A332E652C2374A1EBCE8195F58624F529D3542C04598F0D8455240AA42E0314D0F2D1945A7231FF5C3AE565318ED471D4D432113B4ABDBC01148D839A01C00449C6CDA0FD6B848D24D473857542EBC31962FEB08461400DF2C50F3995DE66257F04821E533A6475B245DE0B968E0E952,
B9A10718D64F1B171D56BDD1EDC5FC2846B42323D6D859DFBDE464AE024109B631461DD3574E39FDC943E42AE63434A744104EBDF1FB264C12AEB1D301ECBA18FDA8B355BE0948FE3C34C2D7EF4FB562DB162516D5E33C4E0FF40A4F2723DB30E6F7440EBF0D3063E460454E0653B6B9F7B91E2BFEA956B0C7C71C44D351BFB1,
B5FAED15C54C5625F3495CC320FCE53C414E3433B8B51F08B7F2A8AA57FF5747FF4CFDE61E2B05B5A5DFCF233837251DB2E232EA2BF1FB07B697E9159D9AD3F22CEA2B289EE2E0215D512DF4ECBE1F1FF8B633572113EC4CFEFAC861EAB5C53C4A0159422210343EB800513C230B02A165B5B9E33D31525CE211CCCFBFF21CFD,
5DE1602F3348315DF4671816D5E7BB11BF02B7D3414C3437F81EB331FDC0A5996346DF1CC4FC1EA0A5693D6BB13EA4361BDD169BB1C008B3686A05FBFBC1CD4EE0EA10D61DE9F7FE1FABF341FF64E227B24FF7D633FAC01035B560485A34E71563DB1FD4E0CB2AF5C9DBB0E6D4F7F4BCBFEA50CE411B412F22D001D940CDB0AE,
18D4EAE33D44FC524950B534D3CD36B1F66B4E494E4B58FFC84B2CA5DAF637F630A9E7B4ED0F125CAEF62D1FC349A6462B5EC05B0D671DE13301C5D14FCEDEE429CF455DD1C5B2C8363E44B057270AB9E7B86AB011C5040CA9F761BB3DABC8B0EAA63D2FF0D2D1BAEAD8AB0634FA17CC67BBEFA2C31C58C7D512FDBAF6013C15,
099EEA1062F9FD36505A131022D1F5C14E442700B14B9B6515D6D6EBCA6001B615F3CB37F3BA23DD08DEA9476028B9AC2A6526D9EB5CAC3A5CE14DC8E9B9B4BBD0BCC8A12A5BBD1F1D39D4ED4A5E5646E349AE631CF7DE06F522595DBC26F8F2B92ECEAE5956C56803D59FD01FF94B23C7B74549655F1FE7471AD230DB1317EB,
0228AEECD437F106CDCE3B47BE2CCFEB1E0137B7ADA3CAB0ACB0A83E44DBAEBABE233962BB1AAE11B84A149715B5F94BE230BAB82825A306BDD04F51203F9FFE0067B6E147E9D026A61F5C25D4BCB24260E852B60AFFD01D3F4AC40D2C40AD640664C3B0C93D3D4C0842D1790238DBAFEAE8BB502CCDD9CA3B242436EDF234F3,
01FE4D2FFDFBF447F1175EC6B22FE50750CBD01B662B59283CBAF21BED2EBA3DFABE4EF8E84407B3B7A35360C4432AC338C6BFF85AE34248F2E40C32A3049CF4B10F11F45AA600F444CEB3041E3240193A0FD8509B2ACCB3B8BB53C3FEDD672CCC1828DA395EE2F16535B951ECC8D7105B64C9B447FAA8FA3EE927F20BB2DC38,
56B11269C79FB468C455DBB8D7A52150A64FC0BD3EA8201827C463F53103C463A35125C6FAA44E2FC90BB213ECCDAF3B09C12DFBD556061EE2B51D4B21B9B1D4D86AC3B825F7A0B9154940622E501F19F3C7CA41CBF00B1924CFA2D4C5CD5E49F82DEEF75EEDCDD3EAB63F985366185F22B331B4012530A04F49B1FC08D25E38,
A0BAE4CECE3E0755F4CBD666D710E5A61F2EFDC8B43332BB02FE07AFABC33138185EA154CB446B4E16F8C9081E1797A72CD7170DCDA4A8449F52EBA120985D0548E7E11813181CBB1FABD9DBF3D110FB1835DDB603EA53A96AF4396D996EF1A8C2FA3EA939E5BBC8E8E5D076C8112E27BC035533E0BCE3C9066633BC361824D4,
E7320927A0B8EACB2BD102272BAE3B2B3C41A25734FCA058D7B428A83812AFE2D1EEA6C8FE0561AEEBBA04E267F9ADF442C4EFE12FF2005DB3AEFFEFB3D0A4C2351437E23AC40423EB4DCEA550C418C8064357FC1AE0A8FD625BAEC8216AF2BC2FBC03CA2BCC0C13D0ABE7EE095AD1C75DE5D234FA10C2EF59D460E8CB0944DE,
AD1205C55BD308DA2DF0C051D33E20B852ACB30146B53FD1C1D6F4A1F741AE241C65F101215EEDAD2F43B9C5FE0D19C2B821D1160B55D0F7C61028E0CF01B3BDA8A3C1065306EE4251CF14EDFF311B4EA929E1E5F2A9DCE02EE61A6426A734E321AEEE02EFAEC8344710E909C60B3D3F4B3A19F4F8FBAF47004FFE58B34C0BBB,
604401C5AF5D64049C2037E6BE2FFFDBE7C7FFFE23E7431F2A25F945B81223D95C1921DA18474404E5EAD8FC50FF135A526659FC3CB8CAC15BEAEFD59648E84614CEEB38A0D9C424BEDEBCB95C11E7F13616B1021EB3FDDA4B0FA206C93E13EADAA3F80BD0D9D9F1AE635E8F35BC3DA8A31309652CCD5A26BFF955D74338AE1F,
4C292B3650FDC4F9DF26F2CDA81CCAD5AE0E9B63F60ACEB0D6C747173EFF16453CEA0C5A022B38D218EC0436E1D53F31AC512C56D6BDD4389D0EB755C50F44B4C0B4DDF3FE29ED4A1AC2464E55D4AF06BCEEB55739163D1E15E1D2094774ECDE24C7C426FB5C4229B12E07BE1FB6ECDDA413536266485DDED42D5C26EAE108DA,
C709405233013F2CD2FFB2F16956504EE9560E5946F2D709F7C13620BAF02A25B006E322581B6EB3DF47015B673053BDB8BA29119BC74429FC55415AA1C6A1DAD3A71F33BC1D470D29FA9FEFD3DD2EC652E9C0E2BF394311DCFD5C439AD5E408C943CBD444046101A758B76B4E5E352737E546F6381C27CD472EF3572443B0B2,
1EC33D041F3AEFEC062E1B17C2D93B3CAB5DFF9E4B4FC6F2BE6105FCDFF347A6ABE5CADEAE9D19F6B2D23E431DBA50401BBB33F1C1BD3EA55DD922DA340706CAF65F2D2B1117CB4BBEA0E563AB2D5DEE64C901E630A210CF42C61012D356C85A07C2A94D3F01C235281A21F8D2A802A10910AEDD0640A61DDF36EFB8CECB1F1B,
F611FCE4E9D21C54A12EDEBD47F32DB83ADDC5A7063558C64C0D2A0E3E39DC9BA51B65A7303BA5ACA0E643B114AE55C44BD6FEF86AC3C3596A33B6BEBD2AE3ECE4D30F0216973964FB5DB538EDA4ACF8C91CA1D735B32DFA15CA54DF0AFA0F21CAFB59AEBE5ACE9E189FD6D55C23392D121AD339DDD84F53455DBDBD15F4C655,
12DBBCECC7E7D740C9030DB23A5A4E4A2EE7C3B00FE1AE34F765E70FBFBD550DB0BEB26EDB3C1E22252B22293C3DB006084D09F8164D5BAD09D1D8ADBBCC6DA7463F44CBDC5BC4D3634333D315D7100CF231CAAF41D758BFC7F6419FD9404213B605DE123A274216AA0E24F72C68213155CF25E6D7FA53179E08C244DB45A522,
3758DFD9CAF20A1735E25DD224D2B521FA68DAB5E64306416348F1BAE208B442D2B5542FB0BBD268BF1AE8FC59385AB49E08BDAFAB67F6F1FB5346FAD1EB2A354BD43F226955D6D02D3A53A352A6113EDC053BF6641CB7F30D642CE5C04F1FC49A21DE16AF5423EDF3E9DE4603B7D5ACB62E1353B634140CE5CCFE4EA2C85D21,
2554C15D3C12343C51C71E4ABEC8410806D4FC595EAFD728F3E9A35308BB1CB050ECF7E3071506E836D43CDDB618D6B1F541A00303AD05D117CACE4E0F33C126ED3F672C30D0394CDBC3B8A1010542A23AF8F34EC2C460AA5323E425BCCB2AA535E2B7BDED6314E417CA1B3F02DE23520330BDF2AD12AAA0D84ED91922C9B01C,
00F3474918D94CF0D4383256F80E224E2CBCBA36FFCB18FB62BF5DBC0BA95212CAAC0B00D09F22AE3CFFEE9D18B22B48416449A0330833C726669BCFB9BB3AC94FB5D951BA003D9F584346C41B11FB2DD3C145FF023E5D0A1C5CB756D1F46263B8C4CA5DCFB91EBC504250D20AA1C4C0B3E4AD08AB60A99CC4D4C016E4E29F9A,
2FB2AE4FCE0D34F1ABD061B8BD68B4042D403C4D501F9C4DD4EE17F6D845352BCF60440B674CD1E4CF3A62E6184EFD03BB9BDDAAEDF6E1E69EEE1DB19A36DEAADABB43D11EFCD7CCE9B3EFA2CC994512D723ABA618360BBE22B9DCBD5AE3C6EFDEBBD521DE5B2543E0D41B94F6C0DBDA4F9C2D4154E3552F9EC1653FF9C4A2B8,
BC3FB5122D17213BC9FE2A18EBDC4648B3F20954CAF7191CCF46CE502224071ABF3708E5470B60555FD39FDDDD6DA7D22E55D52AD7BAF1E1D41F18B1C2AB424F44D0F12317CF9ECEB404FE0463AB5C4CC2F640CA14B821533108A940F05FBA643B161C1C53C128BF23FBD36E29EEF8A53930E50FAB234EB6FEBE9FBCE1F518DC,
C8D24D244068A6F04961E75C1B9FBACF31C4FAE13BFD3BA9573F0B42CD2FE91E1F29D1461FFAD5CCFBBA64333D03EAB63255CB4A21B007CC11461EB2B51DB8FBB4E0C841C4EFF3BC1802D923A74CB04F55955AC837C656026FB95901EEDAC721B852C5AFC9659FBD0CFBDC27C94DD2350555FAFF04F1AA1D64A02DFABFCF09F2,
E75D4D150820E00FD6CBC9DA0B2125061045332B02DE66DEF5F3B91CAAE6ECA354B51D35E5AA943202F5D00C56D14A52493BCD99411A3A64592DAF5CD12FD067F9ED3531CF3C183E0215D4D848CBE043D5D2AB613DF6B0A1EEAB58AFEC9A071C57A155D81AF35CEB1CE5A04B58E7F80FE429FC3663D1E43EBEB75A095521FDF4,
DE07B3DCEED90FFCD805C6620522B6911D56A766100F1D60C7E4CF1E11FDB409FE1153FF1F543BC43BBF3AD0C0C4093766A4C7FB69DA493013AD3AFCDBCAF3243D43ABA2DD293DD7D5B8A501FC5A6218D4520FCF38C7B6C0FA3BD95D14260BE8E3BC0F56DC322ACE11093AE50B2C62DAB3BDC55C673B6144B24ED2F40856F1B1,
B54EB9342032B9425023B61461B3F8EEDF084ED2F85B0909FD1504E016FCD5CB11A1C9DC634122E4222535D7A74FD55AD2CDC3E13919DA34DB3BD902DDDC141611C5EEEE3B0DE524BCF0B1CC66A2CB5ACC4D11C3E1D952E0E1F546BC3660A621AC001A1C55301C41C6F5F9D3C2515AD9C1A6CE2EAD34AEAAFCEF52E9E54A5B67,
1149210F42A1546926F412C6CD02D93DF209FD2BF2C0B105F62907DD9DECD4D74CB70D9FB7BF13FCE9E062FCDDB838A20EF9D8C3E8D14BDD421301631FF89D220C61BC15D129191DCBBD0EEC5E24521754F8AAE2A106DAC31808B6C830BC63B4D8AB1D40CA20D65636D9E0605EE2182F4ABE5A24531FB2F9D71957CD0DFBBB3F,
3B41AC120AEC3A5753A130301A6C1C56C555CD12AFFC50A4B6E45D54C7B53C031F3EACD6600B394FEB4D64F2D0AA67E9C0BE471B43F4FA124DD1A7B3A6DAC92012C927C5F99DFF0B31EAAB292E3CBEF2A53A352BA9AA0ABFADC837FBE9A641CDF242AA679866F6014CFCE32EE6D7E11CAEBA42250BFFB4DA5FDC611042A908E5,
C6EFAE139F333717D924FC0D4BFC5DBD4626D0D8FBA5F3D911594DEFCB3BAFEA2516B5BD3953E1002131E6B6560B36CE5359633737B962A7B96C9E4E116905440058D2AC6C56D4043329B30BDB262E094E29FB493C4DA0CEE8FB43B2DB4CBA9F172F38315E12C9325CEF230C24364A9D52E0E6D7F2BBA9A2C75EDF0A75425B2D,
C71B1FF30EEF1A593257CF140E9BC4AE01FADE3D3708F251089D51F8B9A9DB2B410EC6F95C0CE25CDD6737EAB93947BF503CD058CC27B3EDA3FF9BC34AFBEA23A72E51B3F1F9560C03435A1B0BFA6713DD115697BEDF3B0F5DC63C55066F63F8DC4753E3FDFF262205E2E9399BD6AFDF13D7DC25A7A8D0D3CE0814490135CE51,
F9B112671C2CFA05FCEBD218442531A4FEB8A9B43FFE45F721A93A671FBFA1A12E5C94F6EF423724A4ADD048AF43190B19051199ADE80C4A62DF5EA961A84DC661ED34C8FB5826AA570DA4F83DCF42ADFEF6CECFB249C702CE58C80BD310E6A956BCFC52405D0C33BB1CD7FEC3FF0ABCC8D4DE66EDD0F4EE27081A3C21279F16,
585DBA0BE1B26A061BFC3A3C446C65A05EF6DDD9D6EDC3D6CB2AE409CA635DED245B453F579BCEBDA1CED440B02A21A4F9F4F916A8E5F9481D265B12E368C2C245BD1905D814B4CB45CB3C2BC4DFB15AB298DED1BF2D3945D13A19D8D55E20F52526D3D5BD0C09CB04A73E0A3C56A8C35F64BA47FA13E2FFE3F9C5C149A9DE2A,
A9EAD8C3E1D3A9F6EA50104911FF0235132FF923640B0548FA50ABEFA30C37E3EDB0AC6201F2B819F311B23E4B2A03A45BC0C94F3AE7FB5F1F48A5EA50540D68F2C63146DD33BAA6C2BD4E33B65321E6F214110219CB293154CFA14EEE234AA3C23EB5F4EACBD5F96AC44A94AEACD948C69FE9CBF96761EA04AAF60CF6154C51,
58AAC23EF3C4F957C1DACC5F350D9F3C50273F5813E3A8B84420A7E81CE5A40DAC099C16D05FCBB60FCD3AB2E0DD5C9E37BAF96013661AB9ECC6033863195232A12EA52735EA35B3DCFF02C75819D4FB964CD6B057DDC70E0013A2B047494ABF3CBEB4A7B52050E0C7FAF0C6F9C8E231EBF3FF3FC9D4ABEC0D32F3CC25ACB834,
661B39AACC47B8D9D06043FAC50756D82841E20629B5480ED9480CE5BAFD5AA8C2BFDF353AFD05ECD9C33B4A4EE424D8CB36354E4621FBF862FDADE902B62A0A10E2F8123F3BB42458BBCE13B1FC16E83305B243A157CB612F67CAB2375062B41B444A41102A22B3153C46C75CE909DE59EDB55DF93654A4D90520181602C5B5,
1E1B055601D7E4C6C20EFAE251DBFFA31AA0C2FD301FE4EBA520545AD10B04D41A59623A1C64B930D965BDFF514340FBFB17264547222DFDFC4AEFBD30F2B95DB7CBEEEA2FF14D4808A4E3A0F3145D01BCA64C62A7E2E4613F3510461417054A025AF7B04BD8C8CD3F3855B606B6ABE036105A44EABE266208E5A009243ED2E7,
3761F6C7A24ED9C50B4C321152F00E55F3B213C21518B7AF03C02639370E214BF5313FA60FAFA1EF2423F149E10E661E0FA614590B13C5CDE605F338C7395F4BE1EB4B6225CC242F52D8F622A8ABB867662EBCECE01B0704C5A0D9F55356D7564FFE52CCA5D2FAB1160B48E31CDC189A53B0BB25603415F436630C32579A09DB,
36BF5BD96828F829A1EAA5CAEEC663C449276112BD0326D9C95BCF1EB6E9280B155E91AF9FD3AB39C0BED6B6042522EA13BCB51C45CFB70E4515AFE2DAA4EB5112504AD8F8FE422B1EF134E61F37DC52D9BCCF1FE3A0E5BAF20527DAA6E754C23A572D0838BC2ED8CBB5B16EC3A62A29DE12060C4E3122145FCFEBB252F6012E,
06DBEB3A37CAD933E34AE1594E4EC23CFFCFF8135B6B642F48EFB6E851E7BA47D1EAE3F956EF45B50D0441D4C39DA83DEFB9D05CB0C3DB60019B1AD55FC5AE2357EDE49E1464B2595CBE4C46D7E8B65407311D16DF1EB104BEDD2CFBBF4D0223D9B3BA43444903439E1C5308EC10BFB82ED20D3559A5CDCD373028A0B866BE1B,
19ED20DF4721CDC34523DE5CA5FDFAABDF97AAD528BB4D224E1DCD4A55B901199C1365B9DFB442C9B3A61A2FD9342EB504124F0F364914441D67BFBC4CD93206ECFFB4C13D9D4CCAF34307AF0543E22736CCB534A102ED371E4E5F4539D15F173ABBFDAF12F40F36B05749C01AF3AC4BF5C126EAA2BE390CD0F954F063A91B38,
BE3758059D0FC6341E2662DD60BAF9006402559FAD3DC60FBEB9E36329C0222765C35CBDF32E3604B80139CC47324236ACE053A256F1B76A351ACAD7BDB35A1ADB1339FBE1ACE5A2FE5CC7B6B62168BBBFED1CE64E0540182C085D36D3B0203AA947BD07EC2157C2A809AA34435734DBDB3AB53B582E57619CB91EF715EDCF53,
54C818C64DB9114D2BC4403D25F15EACDB1CEC32DDA5EA34B8EAE0BE35A3D50CE539FAFA53BFA9F862E82B42D129FCF54705CC48A8454DF155D043F7E8434D39EE67B8E83A5DEFCDA9484B5EF11EA4ACB9DEB3BF53BF32D90FA3E2ACEE2C3A35B11356E4C833289AB4BF5C0EEC25A69A9F2AB7F0D000F8D8B9CB2C5A42C6ABCA,
1D4218A91122FB024541062E63073AAC6335ACE9C90D44BC47C8E6E9A82D9F14EC3ADA5CDBEC01D11BB017BAFEE19EB9A1210A5CFEEAB3D426EF381B00E5311EF84128C45FB5201DEF1929C35654EBEBD60AA9A45EDB44533D471C11AF3EF1B11D5ED021ECFDEB07B34D59F03944D0DFF733C2A503211A08030B13A910F5FA28,
BCB5331FB92F52304C6C19AE47AA2810B82D64A2063CA71E291033A15F54D0FD06F24CC23EDCEA4810FACAE2BD474A33D5B49F540862C80511522ACA526D1E542FB8F8FEC2DA2143EA2DD99DCEF0E422E2D603E015BDBE5E0CB1D55A131022569F6A52C036AF37F641BA05E0A5291D4229E45C67584AF0FE51E5DCD01B3923B9,
B32F142365001CF2E1531602454CF6ACE151D43C2058E966D1C5496018D8F1F03004FE17AA5B0A39C0C2F6ADBB3CDAEB402909C978B8C62F30E4C2EF152A045BB1DB25501045F7202EFD41CD5BCF21F55161BC6040B29DFDB7CAE73EF831F41B200C0927AFF326DDA8A5E7BFD6DE2701F5DEFF30E8023A5EE33EA6D451DD2242,
DCF2053ED7B0E66306A540F958C8A89B0BC54260A739FD54DCBA5728F3DDAFC4F35629CB0EEFFD12EBB5D7555F9E42C8371062E80ED0DF24CB0A6052C4F11139A72D35341CE12CE1A7CFE5F41F55301C5D4CF5F63939C8395121F228BF4FC639373E4BEE14B426CFEB5EFF05FB4565BFD6E44F2FD1A5BCFA302247A525012528,
E804F4D5B99F660003F2FB6030EDE6A54DAB3AA5196AA4610FE607AF1D362D1235E7B5549F0059D8EBF5D0ED14A52DAC533B170409F4444FB450BDC5E2F4554645414C4E104B33E56FD2F74AB26203F266E626C233DBCB31E41CB8BE51D0C728BA46F3C8E5D25EA40FB5ADC9EF9FA1E2CFFAB4AF0203351A500CE4CEB4B2A7CC,
4867D318A5C6A749F03BEF4B484042C8D21ED6C9C91563EB68D3ABA9EB5848B5CD335E56FE51BCC45946EBEE8FA6D5BD9D12F012DAAFC4C050C4B1225A5240E5D3CE4ABACB9E979E26AEB1BEEA1DCF4E0DC165FBEC23D5C9DBD41707DAD55EFA2DE40A0721553B0FEE49EDAABB33CCC2C5D0DAF8AC1CD6FF441ABF2D69FD5FD8,
EAF30E4D4CE94F02A70AA73D20DD4B4237AB44FBB932F02ECA51BA1B03EA040CC2B9B8C2FCE6DC080AF14B01AE4CB85323AF1556145C4BCD5148085AB3662F273E53673E37B61BE7B24D454BA518CDE91DF8FE20D4B3441803322724DF4516CF02BEA14BDD02EC4D4D1CCC6603F1EF61CA3744CE07CCDDA5D8F335665512502C,
025AC8F33D5B31BDDD17F2B45D5B36F7C735C8A745B2C7BBE6EA5DA2DDF7B5EBBCA318C9F0FADF151122B3413BD23454A7E4A5C012C55D19C849CC22470CB05FE612633264DE0CA7C3DA9FA7B11FF8CA4665C006DABAEABF67CCB137EC62F7E0B74D1702315858299EDEA5E52A68CA41CA9FCAD3B3C71D0DA9D201C633A552E4,
512EB9FB61633419A2D35B2E10C49518C4D5FCBA425403B11A53EFC3BD36692FAEF1022AE6A9E904A856A4F64A211DF35BDACBD42AAEDB3CD32E2301069BE622B519F5073B485DB1FB365EE29F59EDECAE0C0836F4F406E9A617EBC955DCA6E0BBA53A411DFEABA120F0DB082BC0E747A3CD49DBA9094D5BD1E4D9B00FDED235,
0843330D9DC74605B3E7C7B507413CD5153BE0CC4DCD3302ED69196020F9181EC25C14262F21E662C1A9F54F8F9C1F1B2162C5BE976506AAB223F73B4BB72FD5113341CCF5CBA2E0DF4E9FBDEA47574B26A5A14D61400FCC27DFB9495C590548ABE040ACE6F359A00E4DD363B0A525CF3AED5FF815AA67A6ADCD021E06431B1F,
15FC2F53C71E6335D5D0B101F31FB396F8B1FCFEA94D395EF8EE5239B6A15FA1243E4A03EAE2D939040ADCA234D4B848D13DF95A54DEC50BC2F5FBA414D25C2DACD8F8B2DCA0A70A1D0656E449DBD35DE761025B39D7AAE735E1C710EF04EC4CB9BFEDB4A7D218BE28483B31F036181011E0AC1E0320AED45BE5FC4DD31E4704,
3AF7593D6CD95B55AAE40AF059DA47F2D516B8AA334932549E2148D2FEB3583FB245A2490DC70B1351324BD869DBBAD348F5CFE9184843E3DDEAF3ADD9E2BC13CC6A496A361C5CFADBD1CD470A63523F9FD31ED406B91ADEDCDD60C71156F1370EFF306BA02DA52B0CB304E9CF08DB0420FDA2EF47CE9DD65C5FB21C12F3B5A7,
E1EAFCF305450402F1F5A33246CACC64CDEAF6E33B57F1B530E9693AEA4B57ECCC3656AD44574B561F2BE0DB363E58652416C59EC70BE829EAD75CC4ADBD23CFD3FB163FBE3BC3CF1933184D0E532F0CEBF5AF61EA4F0503C95F03C8E4FE2607D2C548B13BB767C61FE612E001EC2D43214035B2EA5ED80E3EBA203A1129EAC9,
B19C3935B7AB462FF9B90F0360131B2432B65E51C25EF5635866F359E120CDFC09ED611CA5FE1629D03C3EF637B25858E9544BC9F5D5AAA8F347A10CBCE2AB070FA7D3A8EF1716CA6B05D1282CB419C8ABA12A2136CAA51F6626F5FAF7D44117A3CA3D1AB930D3EC3D150D0FF867525A5B4553209CDC4F425B35665DB81734F4,
043642DC2612E13727B7C8A11F0C03BE473800DD5FC026B195D5E86846161CAF091E53D62D25F32523F9D4639DA1E2A4080AFA3610C2065821EA9EAFCAB21EF9955D14BFFBC9C735BFE8BC473B071A13B5A9690A1345FE5FD3A336B9DFDE2F11FB0C089D47C7B8FE3DD3F453504BD2A5C2C0C7D722AD3C3B2FBD66A84653AC41,
419F4924620C6617EDBB0D1ECA64705C58D5A7AB303F4706E420B366D6CC4FEBAC0CAD012F1CAFF9D36267EBF8EB5C5BD0E84F61ED6612454BDBEBCDA8DA33CF27BFC4FF310AF71614D020BF45A8A5F9372EDE60F10CFF1706C7CC57E731E0DD0438D3212ABA23B103D531FCF71C1F25BE151CAAFC4D2A110AB53CDBC63D3E42,
D85863A8CC5F4835BE400B122CDD39C31CFDADF9E0672E6132CDFBAFA923F167A91F620EF3EC11E90FA9042A58142449FDF85AF8E3372E44A99C58AA59CDD33D376014D8C72DDE0550A42650280DE3D463DE4E09EA5239D3D90B61BC1427A7381AECF1E26115AB02AAE80232DE26ACB4600C1967D00664A5B662C72E63E3F6C9,
33492B5E59570D16CA98E32821D7ACB13D22DF490EE11A19E01EB109B5CD063FA1D11E2D15C93C9EF42015E215B8F8491017F4D7C33AD22037A7A5BDD0FCFAB32CB6DC585862E235B1534CB9FCCA103ED4B06259A72CEC1E55AED20A38672EF6495E99ED3EFAB625E83AD30C143DEE59BAF942E0DA58B4123A1E4F15A5060B4F,
635140F39BFA5028F437082A06003DF80C39A50AEEE3250F3613AACECAF93ED91E4BDC01D0E3552A67AB51F4F4DF3CF5B6AB0C6D46482246023BFEBD38C0DFF6FB3244B60D9BCDF5A54F025843470558ED36DD9DD7E4AD3E50E7F237F6E8E6A33AB654AABFB6EBA9C4321CEF4CD72B5BEE1932355F573746E5C7C5FE4D3DEA06,
5159B7095BF636623659E709B8E93BD11DE9DABE14AF5CF32FD23852560FC24A38EA676021CA455308C041EA420E5FE541A164ABC721DE13F5DC2A3D471FDD58B8D14141A34423D8F01C12B047353937570158D0E03EF120CB072C49F501A0D02F1F4627F7EEE7E3C15D17F2D75F2832BCC4CBFB3A5BBC0A042C5ECCBC239C02,
E654E8C501FBCA1934E70D3E5CF1F0A7EF00AE135DACE337FF41494B02B1FF596B1F3C48BE2A372B482E16E554CA1FFA5EEC3DE65ABCB6C4B099181146FDF5A708ABC8B9D16A54A45BBF11C3440E0DCD0BE13C6CD10719C019CF0630C4CA4CA2E30718E43D296198C3132C51E7A30327C6AEF83D0AFBF2A8E1AD65E2BF66B70B,
FC3D4AE9A22DA766485CA564BC58EC1B3E5034B55539C308C9420BCCF9B40B293C0FDF23DBFDE91BD5D3D9BECB3F59EAA2DE55BDE2E1F2A753D2B4103FE539261457F9C103F21D2AFDFEECB0BBC84210BEC2FEE6AFF6164807C246FE4DE14C45EC3ED21237CF5C21E72D27C05A1F582AECB02A6022B7E668C93E2C354F25A65A,
9F0CD2591EFDE5C93FBC1CD6DFC562EAD8FB1DED5EC1241FABE04B64B8ABB15AB54A2EEEC3605A112949E23BEAB10AF7C0664B3A2F2EEC50CA636659F25ED7ACCEB616D2361A18CD5AD355DD4EFF1E4DE7F74FB511253519BA24AAF817E211A03BCE26571FF4AD43C45B63E8382C1E35051060C3AFD5D72FCC1DC52D5C1CE14F,
F1AD166028A211D0422A5E4DCC57522D24601BAEBDC8FDB7040F2CA05561D6AF0539B1EACB34B6E6D001563608B8FAC3F1053603AABEAC22696CCB133342DBBA3030CCE3B2D939AFD0F3AAD7CDD2303268D5FE40A9A9C3B5EC5CDED351C35933505429B5D6595BE9ADDD33C91323133B68BD2A29E5D8E5C3489F2E2CC0B5A7B6,
E31D3366E1FF51FBA01FF35F39A2FEA2632CFD0B36F344D6B6C4575210E6C862613BF74B1E3E1F42A05FF849FC0002BEEAAEE6420140CFEAF1274CCA2FA0101D0726A0C83230CF45FAA8DCFBDF4F53B912FCC864DC14EEFF564BAB30F6B70EE515C467310F0CB6EE303C42CE67EB4AC1399E091EB95207340E1C62DC0A653A9A,
152647C70CA99CFD0FB70930E5D2FB59B8B8B9255840C023674415B2450E01CBE0C7F5A15DB40FFE4063F7696B5003EFE2F0C62CABB736B324E816B91E37A1C6EAE5E0D1D3FCA6B44BA30CD8A7ADFEF9B19C2634DBE0E950EE63E51F124CE1BF2DAEE10FE8FEE32614DABD402B19DC273FD943B207641A30B0A7FA29E955F742,
1D3221AEDADEB8C4D3F2F303BED5F42ACA58DFB5FDF7BE609E01FCCCD9043220EE3E15C3CE0531F2A262B2482C3ECA0D5ACE32B509C4E75DCBC411BECE3038BAC94E2A381FBCA6F5D4C538DE9FF74B5C3FC63C1B9F40E02DECDECA5B0C21AB4134EA0CDD3850F5102039E7FADD2D314663664D48D0B8E02C5258182CFE0AB06B,
6666C3651CD662EBE458D12F30A7ED3CB6252D0B184DB0580E035C44AA5C53315AF11221E51BCFAD5133D3C9C4E9382DDF13BB223403D023EF133BD142A10CE9FB64DA0BE0DD3AF5119FA0B5AE374AA4EA0BCDC12D225CE6E7B0CD14AF5FD0DE5CE453020FAE3A25F735E0B8E61C140CC943AE3E16ED2DBFFCBB283942E75823,
1ADED0C426E7E2E80F56E15967E30DFB624D3BC724EA07F56345AB07CE51D6E9B53E0F0DDC505065D041F11EF9ED2CF3CBA9C735A62CCBB5C314F9A14C2CE54AEBEAF8E4F6C1FD594B9E4CDD2B3AB25151C0B3D762A3C507351F16D5EC1CA316A2FA21BD233D3133EC2BBE13445EAD49E8F5B6373C4FB4ECDF35CD53EA0C59ED,
D05BCD1A26F1A703D7C304364A0B64374BDF04BD3CA0420A6645ACB61DF7B300BBDBB3C5E3F9D1D0DCBBA6194E04EDA5BFD12FF7DE36C56541D1EC56D9B639F49DD41EF300B33E15E55058EC694727D3A12B27A9549C03C2F3A7B2A7A464B222E164D9E3A5552C25C6D63C1DEB3F29C3C943D8A16741C7546A9FA651393F1028,
A6CEC2E69F31601D5EFE41CA9EDA333FD666264BE6D92D5CE121B3243C4CD1C2090EBA2B2611FEA01EBFAB1BD1CC314B4144F3A74EEBD2E3DE4E4A12F9B265F752EDD84EF336DDD8E40B4116EBCC2041CB1BFDC6550610D928232336E053D1EBED4F38BBACF4351F51FB03C3A2CCB6D2C24CCB39FB1A4B33A45AD9DD52E1B1C5,
E02901BD13313503ABEB1BFBD1521B394D50D104D224CFCCBE3919160D4A21430DBEAFAFD5C830A0D93B1E00CEF6614A0649294BDCFBD528C4CFCA2E0AA9A914BB12D7B7230C2549E9D0DF003F63D421F8E3BF2904BF4A5B5B3D0ABC4EB522F4A0052FC55F37A1D91BB6CF1DC51662E7F11B1E1E59B82864D7020AB22356B5EE,
E5A4C6B527D5A3DCA7DD3F58BEF3134450C1FA5DA7AE3866EDC5AC2CE8D0EDB6D0BAE5B145BEB2631AEE1C26DE1126C5BC03D75D2DF3600B2BA99F0720B426662D3CCAFA2FECD9C00FEE10C91852D568FD5FDFCCDC4CCFC73845F0603CB950275700E2FB202B2832DC3A20DBB41EADCACCE8D3653618F21FC7E10F593FA59C48,
5051A70424360F6262081801CD693C98C5F5B49A03F0A94103BCD3F5F004625B3C55E6B4AEF2C12021BA3B0831A91441B122D7E70161051DF71C40C3610EA10DD6A3D4DD18B62AEFA4C5EA05E6A2FA1FE6AC6ABA1EACDBA65341AF4A29A8C35B36D12CAE5BC3C25E3EE0B42DE940D417DA3AD538E23A55F21630E1E8D143D4A0,
322E224740F90C35ECB0FF563244F0D6AFFCEEBDCBCEE253055EFB40A4561FC1B8B3CE491CEA42C4DA482757E054C1BE14AFC7F8071DB8AEEDE3ABBDD8FCF4BE41AAD9F4F81309B9D9CCA0DDE53F64BA68C5524BC50EC104B898C5DD39CBCD19DD29E168EFE59F0FA8584F4EEC0AD259ABC13534E8575052C9BDFAF1B5B6F3CE,
06D8F2315AF71657081214B028152850C4C809CFC0E3B338CF5C225262C6C03E10EF1160C3A33D032267D25B8D381B340A9A0C0F45E75525A8CE2325B23EAA61025C264CA1B3322D3D66E5AFB2A32EBDB15E4DD3DA372FC31B2A5D643E08F742E4C09EEA531E5A553E0DCAD9FE1531DBE3AE2CF1C1F02E542BF2A0F1CF504605,
5CE925245301F836DCE7CD5D3DF5ABB6E00FF80017B45BF924D1D40DF72AE94E31FEA1455C2CBAF90B621643D629B436ABCE4A3C0157AADDFFBF5906A1A64DFBBAF8309BD15E0F9ECE365733DF620A3945BCC556DA19B518BA7717C115C946B99E2C53641B0745BF4B383327ADFAFF14F2B83F3F140233FC49D6F3F1290565D9,
DF1267F960CB66051D089C0C4540EAEB652CBC1FE4435E1CFB2339F5FF1EC7221C0ED59CB824C4F11815DDE46299D3B21948BCD536B25E370F30FD1BF7C65BDC3CA341DEF8215B53250EAFBF18A1076614E8C0C0AC10DBD2A30DE9B0DB54422C11E223000DB7D65631C9F841520EB2ABF32655BDF755E91CDEB7B0A8F4B9B5C9,
5A55AB0AE4C11C123C349E2EC935361C1727BF14E3EF0FE7BCD1B010E9F7D43DD9D1E0A6644F15EA4CE0DFFD4CBBE9035E1BFBA7D3C7493A4048ECD2FDDACB2D3BC8203A66DA4E204B0931CAA0EA52E951F2DE22C64AC4E9F6F107A1C50F23354FCF04EB52BFF501C10100EFCBCEEDB255FDAF544A500A40FA06345B6FE83CC5,
4C2F0B06F81B1F1F04BCFA495D123F001061B1E82932B5DB2CCF041CB92AB43AE3231452BCDF5BB529134A50EEECE95FE6FFE0C55BEAE10DC5A966A109505C03C4451AD10C11B65102EEAB181D4E38619C33C2DF2E27F4C6F63B3D5BAC01F4CDAEDD4BF14AFA05E3085AF1AE5CDE68F26658492EA4D212282CEE56E4ABDA600A,
B213B0C814A30A6BC8ADE81AAB330A34EE4764D50048A51C362AAB46356A5C02F220C513F0322F2E05700EC89FD910A600B7AD2605D95B3832A70ED8E72357F44F42DEFCD2F7B45957D7FD2614EB21EA24494C390D4EA7ECA4DE31213A4CB60EEB17AD0E9E1CBD2C00BE5F65C1D6211FB7662FDBFCF126C94835AEF3B0E9A0DC,
DA1BB3D409B13C5F104C2BEC5EC2B40A3CC3E8D948A0B2421CF96156B9C6A4CBF524ED1907E716542314CAB15AC4D3321AB7F4C0A54DA3B43DE0519B4619BD1CC959B334E3A2530CD6F1460445A8B85CB8153ABAED1BE4F1A75841F3D42EA560F63704F22D9F0AF44CD6FA4122E425A3D9DDE1F7CE3E24141E9A38B3E9B1B70A,
E553BA60C1D211633C3457F40CDB3CA109CEC6D0EB13B014C9EA055FF8EB0208F6BC490467B9BAEBC5A12322596039E62CB3E29FF2A9051B6007635C28DA5A31B8071C40635B3CE7475B11E3B6DE2D2B54B6133CD73E12B1D40F50A7C51EE815530E4EE8AC1BA035DEDFEBD80F4AB623C917B4AC0FA7AAE65A50F14C5D032AA8,
D735A8E4110FACB4CB1610B836B4F1E037BEAC2965F6153EA71EF443045C67CCB401ECCE581D6114400F0363C342094118AC41E13152D4FCD45B1E07BCAAFEC638CB54402EACF30F56CEEE0E0A4BB7D0A66A0B4F6306CD21D5D40D3EC517F41836C84620A3FADE3961A9E8AAAFBF64FEE2C90FBB31250CF6E45F51D8AC3D244F,
A1C730BCF0E900BAD7CD1FD83CE0DD9D45C9EDDC0BA2CE191F19B6511A6DF500A043E2501D9C69251A2004603E5F061ADE9CB617D8FB2E23185BBB243201E9B0CA5916F0EEC525FF3EAFCCA2DE2952BD42BB5C09591F58A6C5B83EF335F8B99C4AF53B29DE11433D21B70D72A5B3D0E63BF049CA98B429A658093744C0E5FB05,
D9F9EF4103E4BA4BC20FB324EDB1CC4D49462E0054FC603E6668F9B62BD5D4C74222E2BAD64BEFD654683AF668C738F962C2F03A091403E3EAF4271A180B4005403C37A1E42D2E2BDB62BF1CF9A3611A643FB064C998AFFAEEDC69BB320B04DCA4DF62F41CA152ECDAFBBB104504D60EE7BCA1B2CB0BEA3ABD19CAEA180F23A3,
3158266730EBBCC237DFBF1356404522CB1FB9E256FCD0DF1F3CA0562750D9E65D3AE79F0C47FB4DC4F6212D494F21B53D08CA98E15713432EFD61DBA19D1F0BEDF7344E384D19C4AECC033829B006E29FE618F4062CB50B1F48A5EE09A14BF8DE0539AAD75AAC55EE3F503D5EF9DDD330AEB34F672118490F452E9E3F2836EF,
AA4ED7ABED4416CD26C23112E2DCE337CA0825C1D2DB31F6A55452DA50F22C625E65A21225C34E246154085A5359C456E8FC63E3133634CCB4A6B7120BD3EFA52146A85DDEEC27CE53F9DA35B7C360A8B9CBDB47021E21F0489C1122F417D117BE0D0959CA4DC51446E6F126DEC85B495F3BC4DF184DEC5C1227CCC651AED139,
F0D1C9A60E2D23A6DF0E2ED430DCDF29143F03E7E5D5EB212DCB4C024839020347ACC352421514F6A95F5ED5B44BCECE34F9FE38E3E7F2CB41A3D63451E85AB519541641ADC4AD3D15620FC8E9A6FE1B182337E121E2B4E0DEE82734AE2F64C897D00C309CD70A17D5204F53B664EAB436D43FDEB5494B64F0AD631B54E35FCB,
D0CBB22623BFC3583F5AFDB70D5E604D53B39EF423A905CA3A3736E829035CAFFCAA69E5E3104D17CF5AE306A4F3E3A43AB15AE348290FEFE3FE06CF2FC349ADC2F1100ADE1B0353B31E39491B59FEB30325E9230C5C2B41B063E52F1550E1A8C74241E6F410DF62EEEE53D9E436BACA4DAF22AF51282DBE17414BB534C52E0B,
14F2CD30A6F3594BA3B628D142E1EAA2C644A1154FEFADA9D4AEA8B9D8FF22B438B6C8BA31160EDC1334B6AEF2FBC2BA310461E8AFF01166A62744CED4F8AEABD8B343B6EF12D3B3D6D2E822B762EB072AEE4845264E2069403E98B60CDE3862CF4EAABF64FC07E94B1EB4F05ECA193EF4183BA56A5FAA0E28CAE8A5192D3404,
FBF5CC1FFBCA69331C14EF07FC4AADEE10F2A7E8EF3731BFD34B57FB03E4D703DB382BACFC440D19DB2E53C93E159D005D223205B112ABA1B108C62862D754F396E845310C5E384325DBDFAA251DF864581EECACDAE3E83F4505FE6157D7C52137C6E3A445FDE1EB142AAD100F6532B8E9589B0FB117C0BBEFCF5019D23341F9,
02A444E647DB1CD3B4C4461CBB382929113DFED16A06BFD5EF5DED253908A1C9AF5F5E66F6C2615654EFC5DF5C4FAA3569DC4347BA4EA640FCE43F525E62B753A95738BCAB9DCE357D53FFE952B106A6630FEEA8BF43B4ADCEEDAF02410A5FD4DEF2963FF7A8FAB24D2CFDFC5C224DD02910EE1DC8669FC5AD5EFAC45DF23AC1,
D80FF131B95AC930AE0C09FCD5E442DFDBBB0657DF4C4F1BF046A3E4543AF70FA6251601FEAC4725DA3F58295CF1403904BB540A1EFEDA0D5B3845D0CD3E5E61484DEBB3E85E0E16E46527232E06E3173941A1509DAFFE17B90520DFCCEA3ABB0337F6FE254A2B71A9483FDCD5192C5F0BCE15FDC4405F42FAD117B5E50CD6CC,
CDFC66F24D4C4FF1DD2FEAF15E1355134B53EE0D45B6B740C52734491AF9A4CD15A100AD44FF2EAD3EAE26F5673C24B01ED9F0BE68452D0027439964253C4A58D40F321FB43A0237AE421DF205BA093B5CD5AFAF0DF7E30349E7BD2925213359DC0D615D24C8432004A93BCF6AC3A00B50B0D53F5131E6F5E8200051EEAA5FAD,
EE1C379C511E59082EB1B81B39ECAFCA22AF05B854455BD8B7A2C1FA0423F5C4F0A8F54AC4DD23F15347A5CC03BD0145F421CED1D4E4584519D3C53CB863654C5DA4554141304DA1F83700C2F8EEF3CD3E622D683DE4BDAA11E71DC628A64CEE111FBCD6A55B5FF414D831BAB0195A1CB806AEAFEC123EB041CC275AE627F1D1,
AB60E3BAC5FA28DFE9CAA648D6081917C300F4CDA8C3C8C036A62EA54F01F2CE471EF6E864F543E6DDAD5A59AFBD1F655D5E38240412671565FF56ED2D3A9A1C3BAA3D12BE96161E103C2F0EE527A0BD514D323C5B9EAFE6B312EE1920E1D3D2E72357E5FD2B154065D6C820CBCDAB50AE29D1C2F61652ED28EF6405433FF721,
581B00CEF1134723EEA3F4D8DE6F1CC0FCAAA4A0C949D2FC24AD54E9F00054A5E0E9190A5A40F710D02706F53927411C26B41DC00BB80F57FE3ED8C6B5182D3C31D3B0E8D1C5A82EFBFBC12A4BCBCFE402F0BDA5D74ADCBBECB6D661DF4638F6AD433865F1ECD5F83815F6B7073DA3C8396023050B09A3D133E260F83AFB2B15,
D306E5EAB738DBA83FE5B024380DBACC45301042D0DCB1E62F6203363403BE02E82B0F3347F12CBA0ACEFA614BCD590DBCF3B2EDD3C6C2BCB45BF33DA64C4060BFA7164AFA0216BCFB5ED8D6D61C05F21517C8D31707C157F91BDEB358D111A4B9FF44E15247C1C3F9C231332BB1305F5423BAA3E8B73D1CCDA6C14115BEED1E,
FB1549D556F622E1F5D02CDF5E485B2AF9D1F7B268E6D019BB442D60384FA23EBE045D5AB0CC22AE14AFB6AC43A397F52361ADE05EEE5B3F23A52DCF085E35111B1E31D2C6C414F4013463A10A0E2EFAC53FA145365461A5F7D34AACD640BE2F1BA8080CAE30511D9F51F53EA92D4AA2D6D7A3EA51E62CB4B1B8DE4BDD5BBEFA,
25DCF7C3231915CD50479B2405C1AEDF5A534928EC1502CFEC1AF4603CF15ADAF9CE2C2ADF26AE02A914109E2E5AEFBFB461B8B91F5ED5D7A2D83CE0DCCC0C1147A250310AA134192B12AE22C72F6159A035E0AAAEDDA7AC9F3AD9F223483AD3EFB2CBF96358DA503AB7C147F537EBB75846D0A71B14CB475564C75E5509632C,
E7E12A3A52B2263FE90F1ACD04371D3DA40A1FE838CF3A5DC96102D401B2D65DEE5AB9D15709665DA114C3413BF6A343FF19B3166BDDDF20CD9D47D3475AB7BFA44CADBAB1E742554EE415D2573F662D02D43037491AE3D81723C527CAB49EECFBDC3E004532AFDBB7BEF3E7B520EBFFFD07B9E6EF6719E00A34ACAE44552B1F,
2AC1C2FA5FBA38BA0C1A2CA303B85AFA6202FECB5DA4EC03B93DED2C453E5FC0B90530B731FE59A2BBFDB042A0162CE52AA6CEAA2FB9652BEF10A93AE06F5438A00D02E612FAC0E4F528C8C5EDEE5E1AC0F72D03493E2BDFFB2511B9A6475BDFE80637B4C6D5BBA352324AE2DC4A143FF2A016CE240A9F45FC5209CE2F0A4DB2,
AD115C00CFC1FFE056E1E5EE3629B4B8A849EAB8E158C34312602E555EDBC1DABCF35AEF53ABBC3E44A9F7D3033EF22BA4D52EF722C0F2D3553103B415B9E00EA4B1F2364DE2AE67CC1838DE55ACB410C71DEF50BEF803AC435FF5E3B3D6D038AA116650F4EC5D0941E9B64BA53CA2A4E9403E0ADD2AEFE70CB3464366EDC7B5,
C1A655E5DD594113DD3D4334A25F4CA1085FF4E7D3DBE4411A09EEBC5A33D35864DE23B264ADA13940425ADE660FE968EE485DA84368D052ED1EAFB427A4F41EC441CBF0E6D8FC1867AB59C6F9F5F7FF42CF44EA60D620215EF2D2321C19D82E24CE2FBD11FF565E22F6FE0CC3AC20D325DBA30D1D195D255D13264BE1D50EB4,
01D3A7E22B4D3DEDC9B857BBC2F04329FBABE334AAD6E0FFA3EDE759CAB902FB171B3858582C151A1607C2E154EE0625326101C7BE29B4BBB5C01A9E092D45363C5D5FAACCFF40EB08DADEAE05C4D1E57B47E82F50D4DC2634BF1868F611D9C84B33BF2F3638EAE91D9D30F2B162A53DC2B5ED02CA38620ADD0B403403625D2C,
F4B618232DF8AB371053CE1641D4E711C4AF23A268FFB218B76930FCC0FFF92E9FC0EC5BE6B1F7B8E6D3F5E334260766B736C723CB0F6AA8E4DFF3B94E3BB1D7EDC1AEA05751D3F1E2DB29B5BB2218BA0125A54A0BF818EF6704322A4EDFE335A763C02DC058EFB7CFE315E00DC3292FDADD3026FCB6EDDA56DCD0602755E6BE,
3ED42BA13F074CE7BA082A2B22FDD30A1966CE9EF74A12660E586DBC564BC6AD5D27EEA2F9A71EB95601261341D35663EB08E52BA65D4CC9F3E0D5DDC0D11313E148F264360E53D1AF072BBA209D1C5124204A41264561B21BD52F06E8E0F712F0D6B0C0D0353158115043C036565143A11012E31BFAF007321FB0B5C9DD26A5,
FD193C34E04425221446AAC828BC48D6E602625029D0DE3DDAF86A3AE11BEC33F9B31E4A281AA8F31BC110520D385E5FC5FDEBC3C5F707B1AE66C71B2165D4EC56424CF9A804F5E4AD5FB658BC3DFCE74DBAC6381E9CDB4BF95541BF40FE45EF383229A324016255BF0D5438C1D25602D9A44C33B2F0CCE4A8E6E7CC1033E8A4,
A81EA5BB5055000021E1F3A42E4D2DFB0FB1AFCE18F3240E10B89B03D9BAFEE64418D1A32E12FA0CA75D1CA16712AF46A962EDCDB6072C37EA9F0B5617083225BE1D2821F0DBD9FE15631BCFB6B0A86658E363B9025DF75FB90F4CFDFE4C1E40A8B0C513C009672755E6597B0CC610C418EC17F42FA5F7A31B14B2B7E3F8ECB0,
B30921D45236141E154FB2DF451C290B17EA632DC02E09A80105063208F54DFF59C048A2EF9D5BD76123A5C0C0C4F50CD5032AB54537E7B86867BFDDF4ED9E62B0AD0D5FB0BAC7A5AB05F0E86012A7C332D95CA6C3039FDCDD4133B04D36E72D10F21213EADE57EB5E14A527D2CCBE32BF34A94CBFCCC4C641DEA859405EB5DD,
4201620759A63CE131E19CEFC42F000966F9CED55E492E65443714E864C1CA5CFEAA02C2F660C79DAEA0EFF79BA354AA3E3E0B35D15420084A19AFDE34BEF3BDD26B281C07FBB664B163594BF825C44DA9B44F5DCB5D16E7D343D431CD1652461EF9209EBBD0C2C55CDD0295B6CA22F32A65B9156B03BBEB1940EBA6D7BE1CB2,
A2F0A3C0A6E538D7EAEC131C2EACEBB33FF2A7B4CDDB38FF62D69F070018EBC6E25AC83C3803F13D3D571D1B0EED5809DB3F4B6E17023516FCAFF3AE5DD33FD404DE1DA846F71552B2EFF8F5092C55CC63E629FB1CFCAF6ECEA3A23E47B8C027BF5AA03956A2D2AA64AB381E1A2AD2FEBF21B53246CB26190C33D919DA60CCB2,
DA0F094AF6BFA21FC1D43CF5E204EFF2A1465160E93DC60EDBDCC8F0F5B419C0B5ACAB105AB1F75C5F0F25281358242535CDE13669343C3B47FE190C1911FC38F06007B6279EE63219A9156245DB43FAD34C5CF714FE5A5658E3D2F85DDCA01CD8C2E812BB014157BAF600CA112B4328023BB90EC054C5B323303141C2EE22FC,
64CA0157063C3B54A349A50FB65AF33EE098B96360FDEAE822B3D9A5FFB429B3E9602FE1B69CE3F1B0C0C220B9C60000E2DFD0B430D4B35FD5CEA8B205B544ED07C3B93B6935C55BA7A4D9E00106AFE829AF5C025715C9BEBABEEBDDCA4F00E3C64D52E734A113A2D344AF23410DECE45F3814AE100F45C1B0E4A5B35B2A2759,
66CA4F3003A9B10CCFDAACBA5BCCD73059A1F8B507AEAB27F72B5B32DB0CF7D9AA0D14D2D5BAF1A154F4CF1DA6B81A19B4A7FFB6F4A3FDA8485014F3ED054D1CFC13515C554D00465EF253ABC029C013BB271612FD24BFD13E4A1815ED1C4D34A95C45F11FD9E6523E40CCC9D6E558CAC25F06BB51AAF64AFA4459CC51CFAED0,
AEC85FFA40102B042A41EFFDCE294D245E129CF5F90048CFC2C4C656A1A6C3DBAD639A323E30E4DFE001FB34FFC1EC0E5A13B7AEC2CE5BB44DC258AF40F0D0F2AD4300F5D9EAD5F63BB04655AEF00B3D34385CA5A7D649EC15F799D5BDF42301ADA040D82640B7462812EDA7CCFB0233C4A44564CD54C9B53DA91A59F3C6C7BB,
B84EC0622B57D9A6E570E30A241719394FAF23E51F615C13FAB5DB33355165A7E5C2CE13EDCD1606DD1BD13965B3153EE631F0634E0F3E5A5C414A5E0EE853E453C1EFD855281A48ED63602BEE20F6CB224606DF6BACCA40C618281460D218D4195B1AF5E73BEC5B2B60BA3354B95821E9DCD94754A3A7602A6341D147F2AAA2,
2A556A700A2A10343F465F47B166E09712BFCAB2F0EC14B1F805B0EED568BA3D1EFEE9D5E026F71B0737C3A9D8F54C5DDB03EBCFC62C41AE2F144145480BD829C209B5ACC342BEA6CE1B9545596B38A4DE272E30D6DE109E536B33DB29FB4F29EEE1554C3C0F26C0AF1E1628DD52623047A3A116D32D3860442E5C65FC00AA30,
4FF05F4BD613F9BD03CAA0EB690EA41A1B1552AD31AAF8A8A743DA07474E20C0B52BB73BF7015AE8D7A523E9C120FC04DB376668B32A1134BD0A034549F625FB1431E52A60191B49DDE621F51A56DB563AD0B703CC22DDB2B0C5E6E35CF1F333F8AAC8B8B8C5E7EF035B2BF747C017A0D4EC0F1B1C5B50AA1C2F3D563311C025,
CE2F67C9DA045D4A21BF35A0FCC601EEC5BEF033FED04ECC2CCA14CE331BFFCAC1F14E64EEC705B142D4F26811ABBACDABB8BF1EAEF42AD2C6CDFD312418E21938CBA51FB5F82D47F94C29625B9CE6D1B21AEBC21E04E522B915DA5637DC3637596031AFDB18E3F84765D0FEA5022EDE2DCCE54FFF1CC438E2F2F3C4520E244F,
D203EF1AF0FB256812DCFC1FC1100750ADD8B5F164B053254F21F6BD9FFC13AB46E5D7B8FEB21D26EDA4F0C2EAAFD34EE609EBD3B0471EE6B7A0140112E6B8304818A4B80D169E2E333415DA01DFBF492918DA1C18BA61B5F5C40619B6D001D7CD27B9F5BB14A925439CDF2E36A2BB12D2C4CD633357B5F6A512F4DC30E044CB,
5ACA5F62293DD46628B85EFECF3571145D27CA15C944A4F13F430E3FF8A6D69F0C225AA553B83410B5C84AE66EE5EA119A47F3AC5A251A5D2951F418010DC7EC40B121A1E1005FC3A8D3E101460B0D47ED9553BD51D30E17AF0B46E520B234190F6908B8D7D5FACEF3A0D8452028BE1D0D64A1A829EC1EEA2EE2FA49E7F9F444,
B0CC2EFEAAC350F5FA43592FD12E4A2D32291DA7D6065154C264D12A1147DBC655A228DC683BCBE3E0C90A3EEBEF576062B25E564F6108D7DD53C511BF36C6B1BD50D8A6FBBCF154533B5F0EBF3D47B94945012FFA60D3DBF600643CC01F67C9BE08AC21E250C7494B1859F8D9B9403BAC38B3B74FEA5933CF99DFA303F11AEC,
101B1E07F206394D2E0CCDD5B71D25CAFE053DB44CCFFB65E523B72459E333A3C856CCF3203898D9DB5C41CF9B4AE65ACBBC9FB1CC1B5DB9F84AEA0B244EE5D1BB45631053E35415679FB9E94BBAE12AF6C422519FD7B3C717514F6B4DADD4F1E9C596D6A3B5E73261E325E5BB344AF3204DD23FAAC04CC8F0A0154F3EF210BE,
D8EC0B55F465131826391AC613E9ECCFD72DA9FBCA4EFB67E9F500EA5404FE0C03FCE56CD34AEFC83C25C6C0C1EA1C06F3A7D7F923A759B006E8304A080059EBA1B5AD3BF4449FE042ABF14DD2EB3516235519FEAFA1F061EC69184345F5AFBB0930E706FB590CCFE258581BDD2DC0C7BF4BB863DB2BB93CE2C2BBEA2034C536,
435B2854B13F04F8DC03A1BCDA3FAFA8DBBBB55C66533003B2530BCA51AAAF39E6DFF52E074007F9A0A74DF4A95958085623010A47D227063BBF37A015DA39B2F8A8F7D647B5EBED00E5CCCB07E150C5F6E366105FAE2A216730498D260A5FB7FA1B6120A266CCECBA1DDA1D1FB7A0625F39D11DABD39F4B68F933525C0A212D,
C92C1D1BA23AF6625C1110640C46301B22972F0F4452B359A524F2E6FCB0F9034FB34ED9581CB9FFB40729B5AF41E0484D590261CD0B4018024B3F30A06CE5BC0B3BE340E51929476A006042351EEFFC2C01DF15C2E803B8264B089FA6AC3438C11EF4F01E2D52C3EB4A4CFBE4C309D5BA5C3150C1CCEC5A48E7F43DF3450FED,
EBC0EE2A3B66F0E04B2F57AE5AABE29A47C8D718C95CBFB7B4CF3A62CAF72CCD5D62CCBB55A5A840D1AA24F6BDD6D03632B7C7C0C45B5CCD11DFF4A218B73CE318A312DE505A139EAC22C239BC5AA3E5AB4EDEAE39ED0CF4B2C9B963FF2E67BCE0D427E8D35422E5145A42B638443DC4B519BE3CFDCCA3ECE020E1B72A28B22E,
67BD443000012B4703A92C54BED52CA1F95F54D74D2939B8185EDCBCFAAEF2B0F2E4EF6A42A943D69AEE04E5FBDF37F8BAA2133DD958BEFF41CB0C64DCDE2964F0AE074E482D0FFC28B4EDF247D1E050151104F2483BF44AEA02BA1ABED5D80457E7A5EE025B0C1D14E61F07AF32A3C2DFE2AC353AEB351642ECD629A1BF655D,
9DE6E030A6D8000E65DCD3DB1941009F21A926A0FFA819184452B8CDB4E766F3C352AC3EDCC21DB4B94722574420E4C6C5B75B1253F617425E18EA9F3FA6DE554D2B1B1EC5A251BBA93FBF3EBEC8A0EB0C19B9CB53200F009FBFF21B2238CFB09E5F3D58DAAA6137220CF51F45D59EE723C921E639DE546152ED3022A23AD2B4,
CD3A3EC29F164D37672701AFD0C60625BC43D4F6C6DA674EC26728C2E6ABEAB43F5369A7BDE8A6C0FE4F10E208BC5C1C62125ED2A6E34D48A1CFDBE750EC610057485F3EE0B33D2A062A3D0DFCA3AB41160A37634753D402302E435B32E10C6351590A3CA4DEE3AC02B1D54B13351DE509504C53C7CEC04CD0B3F5C2FAF22F1D,
2529D0DFFC05C6C63ED226200D1EDD44F62661601DDAAE47F2D16E12A9D5D0D1EF082EDB61B81A1537EA0E31DF29619F2955D31AD7E608DF56C708DEC4214BB3F95CB2C63AF638E74F0B62603CE018EAFB3067DA14F7DCFACD515943AA52FB3C49DDA214F24E36F2CE2DEAE3BAE74DB134EA43BE02EEB4ECC455C05A5C44B060,
65DD4114AD62EE42133543B10FB642F03530410DB3025B52615A43F30B4612F451CC2B28D1E35D26CB2D50C043AB4B47C1B3AD62B56533AF23EE9F43D3AB4712E4165F0411C2C057B8D2F52B5F9FC9BA49E005E8DB4E0AC04604AABEBB12A34F183C5B5432A961CA13AC52DCBBD2CC93D254FA1809B001CEB24538EDED60A2CF,
5AAFBAF70B404EF8AE1A45E9445F5A3764AD6246274A52D2A4E7E8C2EEA4D93AC83405DC2AE2D29B46DACEF52454B065A2F8F2CCB4B73C144EA84CF03A3E59BD085122B964EDC7394EC5B80FB02DF2565CF44ECC4255EB4D3434CF3A060EEAA1ADD2EDB32F62C91932AD1524FE19500E6414D347F4CD48396E3CA5A3CABE060C,
AC0531B04BCF0D095B424E9FB0591F2FC10C46D3B5DD11F3E13C19230AF8BEC3A21A654F46259995C7581FA4C0BA1244D9AEB81715BDDC20B04935BACB30F7B4154DEFA5163C23FB5C5C0E533DA028E557280B62B0E363ABAF47429D04E01A61C669A942F9B1E12C562058AC1F400CEEA5BDE720F7164ECB1B599FAF24CBBAF8,
092EEBA84904A9B524B9FFDE0238B1EB02D43CB044D42BE4DC29555C1FC89D5D4F5CD0F204EF5D07A0143609E84D34CBB7B8ECE1F623C42240F936A7DACB4CFB29C4F3D906DE59B5F7BBE90B0DA02EB7FA0330AFBCA625484A0820FDA0C2E51B31FC0BE3C2FB10B4B332E93BDE45313FA133421064D3B2B419B66AA528D6205C,
40D2171FB1CB62694556A42ECEBEFC41444FE0B9310C2468B4CBF5615914ED2E49BF35163AD3D127CBCDD1C96E2C4566DCCE4D6D2DA8BCCC6032F4EF58B70CC1F230284A4213D0ABA92AA81B1D31AC1D1340E2BD61F8364FCAE41D36D1D7B644B4F231D4E269AAA53CB23466C309ABB54B06F016EA3EBAEDE1594845484657CC,
F01449F2F63E0C39E7F63215662509FDFFEEA0593D3C2FB520BEBD59094E0CC1A74226F205A14CF69DD2E54B614CA0F8ABDD4209274137F9325E46090B0B5CD6E262C143F29F472571F02E5247D649C1391BB11AA64B3AF6BC38ADFBD9F1E0E612C669DACA6711B4A409AD9FBD6011ACF72E2CA137E4E5E1EA9BBCD5A7B828EC,
E969E9A82BFAA313AC1CEC1F689F5550A451FB033E224A35FA17F6ED0A0258B0C941E41D2EA4B8E6B8B512100DADB43ECE143A1D054007003EAE322E484FE6A9D837B446439FE6D8C320FA0E5A545E24D1BCCABDFDF0D10B1B58CF9FAF24D0AFE9DCFCF2333065C6A1D913A8B8B325C0F1F932CDF14FF5DC27E1DAF6A90D4CF6,
314C45F2CA29A8302BFA23A81F5353AC0F9EEF4BEC3DF55F62D41C43343ADEB4C8A82BEED1F61CECEDF85CF526E8BD50D1152B182F15550AB7D4550F0B3CF003C923C443D2D0E6234324161B2B05FFC002960E67CE453F253DBCB22CDFDAF5CF5D51F6DAB943B34817CDA953234B60F6F02DBC02DE40B365FEF7E555BDD8F65C,
D4ADB95352C66905A725032F6442E9610E022A08BCB30BF32BD7020002994502194042CB04C640AD110169964ED24F30DCDD475A34B817B84F1B015B509FCD3115F6CF52EE570F39AA33CEACD15018C8502EB0F8FAF1DCB3E9D62910C4044BB81847CFF13BF7E71061FE24E1FD454DE450E0271CD6DA53B5295E2E35283FD5B7,
D4282EC63908B6421B3B11F844330960FBC95FF75E320D3FC707F8EC38A04DD83D10D4E53AD3ADE9B2AEA54758029A413DFA339B373F15355319A851BA5342C9A06653D002172C0AEEA2C92BA22DCA4A6303592815D3CE25323AD263A72611CC32515342A4B25044EAE1AFFDF2023958A41FACDAAD600BF54E1B12B8EDA81348,
B051ABFC66BBA5F3EBB820ED56BA13C6516AEE4C3FAFACF8D45E67EBB0CB453216264A1B2934BC63BACCB621DB9EA4006648DDF04A5DD3DF5A5B0FFCC40FF5C63608015853B8F4AA11B6D05F0E3BEDD354C7C4B2542848D7C6B2A707311130619DF121E9C4CDD611C902AF20E224DB320932CADAE6E4DDBFA23E14BCE6BDCE97,
115034D01C31D0C8D2ECE1A427E1FAE234EF42EF1224255F2030A5254217AED0E6E0DF02212CFFFEBD402EA70DE6D4CD2CACADF34319F950A4A7CFE0413F4EB327A5E4CEFD651F6597501A53EC47C716F1D854B160FF38CFF4D3CB37BEEF55F531A320AC3B390DBD1AAC59F61C4357AC2F4DF8F1DB0F5A6745E8030B1C6137F2,
33003FE3195741E336224E50F9D7220461F2BE55BAFBA02A373AA3B2354601DCF1E2CF3C14BC39EE43BB4A1B2BE714542ED2BB5C194F0E50B3BFAE13CD2C27434FD10CDA3751E0C240E8ACE1C5AC03530355E1DB1217E9203725A009ACD1BE4903BA5158E4BE52F9E15039A3F6AEDB2421E5E9D428BCEDC6C816A1EBE5DD2515,
C3E8363E26F24F399FB95AC6ECEE2A54F8BCA61A5F05AB62E12F1C249863FEE7FDF5E9F9B25C41320916012EBA44F259C9C7D018F4C0E1AEA4C4E51BB5364B4316D0C2315E9B53D8E325B83756003BBA6231A82F0658C62150B956B649E6E40144421DB54A55F9EAC399C4B11D4DAE0DE6106428EC06BFE009A5CAF064AC1951,
1CA4F23C483F06512AB8C511CD29B1E745F33A411CCEE8C323CFFE18284DDF5BB5E1CBA9644C19572FA44367930F084F213F525F59A6B4645F03A31F02F2036493585A5E22375E086A35A04FAFBFB5555634F4CB51A05264D51F0DF23C65D05FC633A46BC9105AB7DD2AB338CCE60A8CF0571EB34156FAF6A5224EECC948BFA2,
DFF4ADAC495AD0C240B09B4AD2F0FDB455DF554D56209D396500C35AC5DFE92AB11C30AB21EF46FF52CC6728CCD42B0A3DCC223E28300CBF9B0139190AF9366BD8D5B957A8A463030F316B32BC4420D79A1860FCD863FA6805993DC3B3F9EE0CE2FA2EA3CD562453191E191BE438191E114E42C2632129219447AFBB00A61866,
1FBC33E31839F8DDE2A303CFDA46EE22A93CC96325ACA5073B4DBAE1A506582EFF1E38CE49FE2CD40B5567FBFAAF545A55F7FCF04DC9D61329B8B4E345D34851CC0B4BA997DD19545AD5E2F4FD9E135CDAED17B6D25D195CFBE4FFED375D4AE33816D32E59E4FD391A5BB5F228B153D3B6A3D64953E49E35505AADA8AF550C64,
11D1101EA2EC003F05525EBB2BBDF740E82B20A7033AE7D05ED1E921E739FBF058CF326657ADF8EE0E012BBF3D591554B40FC3E4B041EDCB25F70D0CAD3CB20B001D09B4B860EA003617E30BA624EB1013B3F4D24FEC25C63466EC54FC4331C8F1B6180142D1203023A33036541BA3A05911ACBFD703572F30EC1E3C05E458DD,
1A4523CC42DD5E33F6A5F448B9B8D35915DAD7DAF4FB3C27B969B81B6250BFE8E9453331B12132DC22362FAEC1B2AA281B42660FEFB128146300B3C3F417DEB80DE6EEF328AE0D391B2A573216E7CCF429F6DE2C450F9FC2ABEBD8FB31C7CAC3EE2A4AB202DC0A041800013EA39F4EC027FEC702C33054D95AC82126293AE2D9,
4DD2B2FCB53AD9325B3AEBC4D909F203FCD129ADC8D0D32FB3015F67C6335EC82F2DC535D919AF61DCB0462A18FE98F70B2514FBF6AE4534D56B3FEDAA0DA62A3E28C5D60F58030229FBAE254CC1CE15F015E0FB2F21E26D1857FB15EEB342FCE3F0CDE5BA1A0DF9465B4E4E4456373639ABC5DD5F1BA3F3B92C0CC108D11E05,
61F701FB422741D2573B0E0FDBF0C700B1DEF22BA73112CB31A65C53CF5D60F4DBF2F6FAD09BF2C49FD23EA532403452FC943948D0F54B3E9C2732B2A3CA361A9CB3B9A0C9B23A52C45CD02FCB02AF1522D9146CBBF9C44CC40E360DB402DB155338F924D133ACC32AA6BF15C1C14C19BE45DFE403FB2EDE2A4914B8FFADEDB9,
1348CE2FABF3E6E5D352B2F6C4A56CA521E9D1E32BA83E4DFC2EAD5A1EA8C04608DD3932A5F2F4289B3663ABEA291313BEA84627CBE0DB4A49A424B8F161EB3D9EA54107E95A2CCFF963A4452A25AB4505AFD260B12EB7C85EC74EE64FF9A342E31E2F360B4E3E40AA08AF2BAF33EE536647F86122E41F4B17AA56A84FFFC560,
B720BF29CCF3CA25600001401816BBBD5C11372038D45EB443F5384233623BF00FCF17F41953FB5D264DE9D0BE42343B55FEA83FFB660A1A065931D3CBCCABAF033EB91D25605D641C15B209E64F2CF7124021BE19C41FA460DFA5BAEB3E32D34A3D006BBAE3C22BDB50D516B5D459ACE410E3E294B3C1E140343DBB08EDCC51,
2BB9E0D0A937AB6CE2D83511D208EDBFD50304C15B4EC86960A3AC5730293F52A83FED5423DBD7483BD2232DDD0D20FED166334B3EE104FC4AFA1DDDB6A11CC741E03A26F2E5A0B1A44E5550024A12532238B3144F02255DE64D622440A05FE2B015DA100AB81A6633505BD53D0E28BE6433E30615FE283FA0E2690C1FF7F605,
E565A93AB4DB0CB4DC4CA0E056E7F4F223334FE525CA4428550414B8F744CDC03142390929A8EB31364FEFFC4FBCE518A4461BD32F4FDB575C4FA6F03CFD592EE9EDB6BCA55020AFA3B9EE5EE7DDB7DDE4E347C516E9A3A804D8DDCB4D4FABB7BEEE12BDDAAC092DEAC71A17C9441AFB38B11CD05AE6F9E5B8C2E14A593E1813,
3FCE0D5BFB08C8565A30F7AAED1F36D0181052BF261844EFA69F2BFAA23054CC255AE0C7A405CFE7355B67F6BA55E716E9E4F0DFED1906C559B804F2CCB10A19ACA7F4E30E0A259D3CEFC2B524EAB5EE160E04B3271DEFC80FA641EB462BD8C237F6685460BB55449F2A01D11C3CBBCBFA311D00093B38A46F40F5A0C6B313A8,
CE2CB11A0C5D62B1E14E1B212BF910654FB7CFC708AB6444BB6766525CD8379F672EF031ADF6F24E17D52E44EFD52DE7182658B4B4F8542FFD2D5DA2A9FDCC4435123B692A63C33ACE3AE59B235012D09ABAF8F79F9FB12F2834AC51AE38D145F9390B1A5667210744FAD1A529095CFDCCC00328EEB356C5554A4451D0C15A36,
DB215E4ABA65B8BFC31DC95CF7A50F51CCCBD9EACEBDD069112D2B03193D5BA1D2DE4223645150095BC2DB62FE4E995E0F47501E1949565E4DC0A6A9E2F2463BF9E61C200EF35B415B67B1E6D6CB46D9334F315C5D59B90E07C82814B00FDBFA345C1EB4E23037C72506FFBAB02FC6D9A1EA1B1F18CE1B461B64D902F40D06AF,
FBD2EC3C19011FD0E7EFD5E3300AB5B7085DC75D023AD61D43F909E23FE0164CEFF3351536D4EAD1D165CB11E5ADCD25FD0455526740A6E8CDA4F2FB2EAF10454119AFF0CAE35DC12E6056CA343BE903595CE8B723A74D37C6AB1063384C14D0A0EEE4B1B22058645B1DF82FED1D1E1FFDDA2A695E69FE39FEB1CED3F9D8B855,
1015F022D061FE505A2023CDB2AEB3FA2BA0484F15BD664CD72F3B0E27CD08E422DA5D28E5511E3110D2CF40EE2B1829EC27F4E5CDC0D3BEBAFA0F6136599CB5D46010043FA137FA2DD0E52CF11BC405C1F2D2099CB7C9E0556763F04F25B259BC272EF0B8B841BD5CB223D4CB4B0652209DC60120B53D2EC717B455B1B1A816,
5FA3EB2A0348BA05B2321C4B2BAD595C3CDA04DBACF93125FDF7C9F11734F23261B8E328BBA437D5BA01230531FEF3F205AFA6F05EF2F9283F63AA01D311B517E1B029E6A71256ECB3D943230CF6F6EBC71BEE1A3A01EA62D464C5A213EFA74A5CFB59473213B4B7DB54A8ABEFBDA047E63D31DA4768A5021DCB610D2CABD550,
2EAA67B220D124FEE337F612DF01019A23F766B8CB470F04F2304311C3C4BB2FAE432551DBF21E2EF727E3161422CD4048125A545E4FF21AB7A6DD22D4E4D45F03D0FBEAB1A92A099D27505BCC50FEE65ECFA8C9F3662A05DCC94416F3226221361F9A25CB57255ED64FB73AB5EF61FA5D2560A22461EED6965B2311143D369C,
6F420E2FFF0F26D7C710D2CF52309B06BE07C02C4CE6EA60F1CF9B471E1CE9BAE7B9BD1DBEE8B83D50FE1849FE3A63E7EE4BAC5E5D286A1D0B11330E4B21F5635FBEF5C000654204ABBC03F9EDFACE57A743E40C001BE9500D38BA13A5F714C6DAEFFAC9ADB0B86BF13B353245A02CF9ECC6D7AA19E9AABC0F494F5EAEDB23BF,
C259ABE74A641902F5D0D02945FB3C0B0E46B4C3F422A0DD31FE180F20F0A1B8B23502FBDD4D02D93DD53DEE2BC43FF5039A4703290B1BFC50450A17ED05C2163D23D5D1B701321D3FE45151C0D74316C52422FB255011DECBF0FE29AADDF624220A3AC62ED61692EFED540CD50B53F820525EAF1AB1390B67DCBBF999C94BD9,
C7E91156C3AC45F6AC68B6E7B534D7DDE3FA20AAECC962C75F351AEBC6044AB14DA96DA81DB05358C9D564E4071EFC093FCD5D9BA253ECAE37E219CEE905EAB258D62241F62BCAE166D5C34FCBBB16DA4839A704B8EA1B3FE8CAEB17F3CD59630D69A43DE76963F3CF3C20AABF6723205617B80A505047B65AF418512720BE64,
662F0E623CA7F9A8ACD058F5BE129E025EF408B45F352DCE1EE9FC35581837B7411AA9FE0636AB5BB639C1B00706E13D1D12F7430ED70D32633F4C3ECFCEE03CFB4143F1DF4D4DA2E6BE1CA4D5103B001DF606DB1BAEC162F51FC0AA06AD482D484523C2000EDF57A75506D60060DDF5B7E50B1E6405F4314BF5C8D86FD9A1C4,
C3C20D3ABA50AE63031043ABD2AFD5B0B81ED2EDD7E318ACB8F8AF18D7D8002FB7E6D021100044A5D4E31F01B0C94654C5D70AFAB3C8EFCDF65E3326545F62E0FBBF0C37A5C036E9A4B92E24A1F9B6C2D1C04E00CE103CD0A3CFF8EC161835C5FBC7B92CF6309D7534AC690925BEDF520FD4BE36E2F963129B0AB0BD6B5D37AE,
E6EDEBC46BC006C3DE5F2237052B3AC62639A4F5EF4E67FFFDE560A9FF5244483DB31D31A03F135C536E1B3B39D95C66A04F0AA6B9F2F44FF5D7130DE811B1D93F5008ADF2E6AED464E72248F60FFE1624160835253468D661F2A0E6B110AEB2D6EBB34EF61B53D0F1E9E6FCF3111264BDB729212E133EF74EBBC3D7EB4B5A0A,
9A18F1554D22B0FA66C1BAA3B1AA5C3B662E08D945F138CCDCE5471AAD651F605F0DC227A6C6B4E0C59DBE4D57A39EB2C46320CD1B41B111645AE2B1A54AB0B3CC4EF3500AF2B7E1F4C9EE204325B8AD50C94A1F1F612DAA18E5B3C15367FA9B4F51CE784423594557EF442A00F8645CE4A71D6547E6592A419EBFB854229EEE,
C9DE67D3D820CE4EB33FB3DA19D3604C47D619D842BBED13343906CAE1A0C2EE5D2E1532FD24EB0023A04CEE29651F2DEEE929B80D3C0BA2C9D9071D3A24BCBAE416DDD1D142D013C80401E7A5AD1352B563DE05EC5A191F1D32F3522624B3124463A00CC53FE6DEB457C6DE4DCF15E3475221D95CE9AA050CDDB62651EBBBFD,
3B3405BDFCDEC8CBF1A4C2C0E03347F44E0012DD11F41448AC06AAEAEF0E18AD1047AA6801BBB1122227D6C300A5D45859AD2BEB206746DE0511CDAF9F3EB5FDCBA62AB6DD560F5E2FE7A5ABE6DB52B059671BDA23E8FC0F33654D3B2AB2C4DBC2F309B65FBD4A4C50B9B766DC3D3A08C2BFA114DAAA543D52EBD11DFA4743A5;
